run_id,geometry_id,repeat_index,seed,target_distance_m,total_distance_m,waypoint_count,stop_count,speed_m_s,altitude_m,total_flight_time_s,total_flight_energy_wh,mean_power_w,battery_voltage_mean_v,battery_current_mean_a,valid_energy_intervals,sample_count,valid,source_file,source_repeat_index
19523d9d_geometry_0001_01,geometry_0001,1,1181241943,176.015836907929,176.01583690792893,7,7,2.5,13.0,132.79246580000017,10.729122413919605,290.8494466249683,16.285469889640808,17.88770291628316,1327,1328,True,smoke_test0.csv,1
19523d9d_geometry_0002_01,geometry_0002,1,440213415,115.71371810381164,115.71371810381166,3,3,2.5,13.0,95.89232651699967,7.538107145981226,282.97102644161527,16.343938268635643,17.34936352137853,958,959,True,smoke_test0.csv,1
72ab671e_geometry_0001_01,geometry_0001,2,1181241943,176.015836907929,176.01583690792893,7,7,2.5,13.0,133.8133640620008,10.774190508287557,289.66919611428153,16.286173319798785,17.81583979091509,1338,1339,True,smoke_test1.csv,1
72ab671e_geometry_0002_01,geometry_0002,2,440213415,115.71371810381164,115.71371810381166,3,3,2.5,13.0,95.8849034670002,7.535137289497799,282.8585460367438,16.344033146799543,17.3424396261231,958,959,True,smoke_test1.csv,1
72ab671e_geometry_0003_01,geometry_0003,1,373399426,221.32807761607268,221.32807761607268,7,7,2.5,13.0,150.88296706799974,12.290595203730092,293.213383525602,16.259097514522242,18.059827258006838,1508,1509,True,smoke_test1.csv,1
72ab671e_geometry_0004_01,geometry_0004,1,127978094,184.504494689786,184.50449468978596,6,6,2.5,13.0,133.88201038599982,10.763775162374731,289.3895856436659,16.28620763640514,17.798251967718567,1338,1339,True,smoke_test1.csv,1
72ab671e_geometry_0005_01,geometry_0005,1,113971123,114.98207596857654,114.98207596857652,2,2,2.5,13.0,92.883853327,7.21464768829859,279.574135637316,16.352179444131348,17.135370924050314,928,929,True,smoke_test1.csv,1
72ab671e_geometry_0006_01,geometry_0006,1,1801823908,163.08841446591825,163.08841446591822,6,6,2.5,13.0,124.88439639700027,10.030791091650196,289.1159864873666,16.298292170723883,17.769094837455153,1248,1249,True,smoke_test1.csv,1
72ab671e_geometry_0007_01,geometry_0007,1,1194819984,151.87344740541658,151.87344740541656,3,3,2.5,13.0,110.88433883199924,8.817761648161015,286.2370186551304,16.320336246404484,17.571090708883954,1108,1109,True,smoke_test1.csv,1
72ab671e_geometry_0008_01,geometry_0008,1,685731524,233.7264153980608,233.72641539806085,8,8,2.5,13.0,159.8827031790006,13.023192145944472,293.2036819435784,16.247172767777528,18.072038368849064,1598,1599,True,smoke_test1.csv,1
72ab671e_geometry_0009_01,geometry_0009,1,1193448329,198.42823666705215,198.4282366670522,7,7,2.5,13.0,140.8835512629994,11.4391415855472,292.26891538104053,16.273298864587982,17.987252927523414,1408,1409,True,smoke_test1.csv,1
72ab671e_geometry_0010_01,geometry_0010,1,1445662585,114.4502019372142,114.4502019372142,3,3,2.5,13.0,94.88216643000123,7.442420495221327,282.3229963386953,16.346011355754825,17.307955325026658,948,949,True,smoke_test1.csv,1
72ab671e_geometry_0011_01,geometry_0011,1,415393687,94.83933494082366,94.83933494082363,2,2,2.5,13.0,85.88340830000016,6.597082622216112,276.4759331138297,16.365107872710933,16.935319730120778,858,859,True,smoke_test1.csv,1
72ab671e_geometry_0012_01,geometry_0012,1,1136108454,218.03918875403423,218.0391887540342,4,4,2.5,13.0,140.88305811899954,11.395809341569134,291.1621371727983,16.27501853363492,17.917614886128707,1408,1409,True,smoke_test1.csv,1
72ab671e_geometry_0013_01,geometry_0013,1,1973214822,194.08562126030867,194.08562126030867,8,8,2.5,13.0,143.8840687970005,11.673440239186007,292.0370681526363,16.269737369571814,17.97692798248921,1438,1439,True,smoke_test1.csv,1
72ab671e_geometry_0014_01,geometry_0014,1,1625792787,155.9833116339081,155.9833116339081,6,6,2.5,13.0,121.883970633,9.72434259128279,287.1811603093182,16.30471284160661,17.645003667784284,1218,1219,True,smoke_test1.csv,1
72ab671e_geometry_0015_01,geometry_0015,1,1553210608,168.32650100371632,168.32650100371632,2,2,2.5,13.0,114.88419896599952,9.126222828137347,285.9369375937311,16.31563089203067,17.55758009509899,1148,1149,True,smoke_test1.csv,1
72ab671e_geometry_0016_01,geometry_0016,1,298737106,162.45970466463936,162.45970466463936,6,6,2.5,13.0,123.88520122599948,9.967524991736504,289.6117009173184,16.298984615335165,17.79849031526081,1238,1239,True,smoke_test1.csv,1
72ab671e_geometry_0017_01,geometry_0017,1,1242911821,185.8021309708336,185.8021309708336,2,2,2.5,13.0,120.88456401800067,9.691208995203883,288.5697386066633,16.304506167781756,17.72882504917749,1208,1209,True,smoke_test1.csv,1
72ab671e_geometry_0018_01,geometry_0018,1,433797840,216.8508353624235,216.8508353624235,2,2,2.5,13.0,133.8842968429999,10.76065187565851,289.305857460356,16.286727415260046,17.792150446506604,1338,1339,True,smoke_test1.csv,1
72ab671e_geometry_0019_01,geometry_0019,1,1566942273,153.35683237321106,153.35683237321103,5,5,2.5,13.0,117.88369604099898,9.426454650559489,287.8283341970331,16.3091280049849,17.679448219858255,1178,1179,True,smoke_test1.csv,1
72ab671e_geometry_0020_01,geometry_0020,1,899825838,139.22895473870122,139.22895473870125,3,3,2.5,13.0,106.88484666399928,8.416839094222597,283.4459249706108,16.32911023210431,17.39299301503416,1068,1069,True,smoke_test1.csv,1
72ab671e_geometry_0021_01,geometry_0021,1,306671447,187.22240318753617,187.22240318753617,7,7,2.5,13.0,136.88381782800025,11.072179222295713,291.1583798429213,16.279932852467105,17.91261461925733,1368,1369,True,smoke_test1.csv,1
72ab671e_geometry_0022_01,geometry_0022,1,1051454923,204.95791566691776,204.9579156669178,6,6,2.5,13.0,140.88435431200014,11.423330682303936,291.86420714165985,16.274018523877526,17.961724164994198,1408,1409,True,smoke_test1.csv,1
72ab671e_geometry_0023_01,geometry_0023,1,1159417075,153.9616338961785,153.9616338961785,3,3,2.5,13.0,111.8837788410001,8.850815159413653,284.7423823611747,16.320999863107254,17.47975828729643,1118,1119,True,smoke_test1.csv,1
72ab671e_geometry_0024_01,geometry_0024,1,943239974,217.5476610071985,217.54766100719849,7,7,2.5,13.0,148.88433964399883,12.135479770324382,293.40119639036845,16.26141988038216,18.06871684451004,1488,1489,True,smoke_test1.csv,1
72ab671e_geometry_0025_01,geometry_0025,1,240251661,191.3483568779032,191.3483568779032,7,7,2.5,13.0,138.88300720999905,11.209448061592482,290.52278594893335,16.278144034487983,17.8757879169104,1388,1389,True,smoke_test1.csv,1
72ab671e_geometry_0026_01,geometry_0026,1,1354860540,211.48841504108933,211.48841504108933,3,3,2.5,13.0,134.88419402099862,10.8677386954763,290.0184145266352,16.284375110849616,17.83804992996736,1348,1349,True,smoke_test1.csv,1
72ab671e_geometry_0027_01,geometry_0027,1,906164396,152.12890511708434,152.12890511708437,5,5,2.5,13.0,116.88342270800058,9.349603967147804,287.92338838987433,16.310300154804267,17.684148404922517,1168,1169,True,smoke_test1.csv,1
72ab671e_geometry_0028_01,geometry_0028,1,1351531223,228.1312921413762,228.1312921413762,6,6,2.5,13.0,150.88297105299898,12.256748771672983,292.4056503054716,16.260159843247642,18.009310354947097,1508,1509,True,smoke_test1.csv,1
72ab671e_geometry_0029_01,geometry_0029,1,1699226064,184.8701864471808,184.8701864471808,3,3,2.5,13.0,123.88367496499995,9.934569246563926,288.65384314718085,16.30040111341623,17.738312756947877,1238,1239,True,smoke_test1.csv,1
72ab671e_geometry_0030_01,geometry_0030,1,1137651678,201.03733338629272,201.03733338629277,7,7,2.5,13.0,142.8841152999994,11.548890013842126,290.9428134075466,16.27243813607474,17.907277408348587,1428,1429,True,smoke_test1.csv,1
72ab671e_geometry_0031_01,geometry_0031,1,1128466620,119.46040123103737,119.46040123103737,3,3,2.5,13.0,97.88379489999896,7.652156145675386,281.3840889867941,16.343357290749164,17.25386062385448,978,979,True,smoke_test1.csv,1
72ab671e_geometry_0032_01,geometry_0032,1,1715412119,210.09019129609493,210.09019129609493,7,7,2.5,13.0,146.8838920620001,11.890503587552084,291.39251561835323,16.266637280167487,17.940796032375506,1468,1469,True,smoke_test1.csv,1
72ab671e_geometry_0033_01,geometry_0033,1,594130308,127.5821893186488,127.5821893186488,4,4,2.5,13.0,104.88404995199926,8.24906651692666,283.09194769524714,16.331975069582406,17.368836570087222,1048,1049,True,smoke_test1.csv,1
72ab671e_geometry_0034_01,geometry_0034,1,202363285,191.37752014940455,191.3775201494046,6,6,2.5,13.0,135.8840364209991,10.99040921139356,291.1343629615224,16.28137677622859,17.909432956709022,1358,1359,True,smoke_test1.csv,1
72ab671e_geometry_0035_01,geometry_0035,1,687117441,197.26315825683164,197.2631582568316,8,8,2.5,13.0,143.8843793619999,11.70317765350777,292.781257003433,16.26873322540559,18.023342156504448,1438,1439,True,smoke_test1.csv,1
72ab671e_geometry_0036_01,geometry_0036,1,272849424,224.6630982478237,224.66309824782363,8,8,2.5,13.0,155.88417968799877,12.679870177982004,292.7983934892833,16.252968711681746,18.04121190860791,1558,1559,True,smoke_test1.csv,1
72ab671e_geometry_0037_01,geometry_0037,1,2010258946,165.7943143807844,165.7943143807844,5,5,2.5,13.0,122.88526661700053,9.85000040404268,288.52552889573474,16.301709503347645,17.729503212525433,1228,1229,True,smoke_test1.csv,1
72ab671e_geometry_0038_01,geometry_0038,1,49310608,168.13575551825406,168.1357555182541,6,6,2.5,13.0,126.88325765099944,10.156771429893809,288.13302089132344,16.296972450635113,17.71070093806566,1268,1269,True,smoke_test1.csv,1
72ab671e_geometry_0039_01,geometry_0039,1,1146005448,219.891970993934,219.89197099393408,7,7,2.5,13.0,150.88369206700008,12.254154248510774,292.3438533970238,16.260243971352548,18.00561917705043,1508,1509,True,smoke_test1.csv,1
72ab671e_geometry_0040_01,geometry_0040,1,479112937,222.7661663318308,222.7661663318308,8,8,2.5,13.0,154.88485660100014,12.58327383628757,292.44334108030705,16.254776759483185,18.01748826631794,1548,1549,True,smoke_test1.csv,1
72ab671e_geometry_0001_02,geometry_0001,3,1181241943,176.015836907929,176.01583690792893,7,7,2.5,13.0,133.88393752000047,10.7770563647669,289.74724210404435,16.285727457469573,17.820656794078143,1338,1339,True,smoke_test1.csv,2
72ab671e_geometry_0002_02,geometry_0002,3,440213415,115.71371810381164,115.71371810381166,3,3,2.5,13.0,95.883967183001,7.517585930951408,282.20152654414625,16.344879818658757,17.30182435933784,958,959,True,smoke_test1.csv,2
72ab671e_geometry_0003_02,geometry_0003,2,373399426,221.32807761607268,221.32807761607268,7,7,2.5,13.0,150.8842732009998,12.310733617791955,293.6937051374738,16.258454740560946,18.08980736983205,1508,1509,True,smoke_test1.csv,2
72ab671e_geometry_0004_02,geometry_0004,2,127978094,184.504494689786,184.50449468978596,6,6,2.5,13.0,132.88409917599893,10.706921506713174,290.0268615903224,16.286698291856062,17.83650824593547,1328,1329,True,smoke_test1.csv,2
72ab671e_geometry_0005_02,geometry_0005,2,113971123,114.98207596857654,114.98207596857652,2,2,2.5,13.0,92.88318394499947,7.260285937517122,281.3423246010494,16.349943735884388,17.244542098468806,928,929,True,smoke_test1.csv,2
72ab671e_geometry_0006_02,geometry_0006,2,1801823908,163.08841446591825,163.08841446591822,6,6,2.5,13.0,124.883590509,9.996750878091165,288.1346850710368,16.29949958501958,17.708166101218175,1248,1249,True,smoke_test1.csv,2
72ab671e_geometry_0007_02,geometry_0007,2,1194819984,151.87344740541658,151.87344740541656,3,3,2.5,13.0,110.88348129199947,8.82961512910843,286.62144299263593,16.319910613559625,17.594886898168095,1108,1109,True,smoke_test1.csv,2
72ab671e_geometry_0008_02,geometry_0008,2,685731524,233.7264153980608,233.72641539806085,8,8,2.5,13.0,158.88303440600066,12.95940241105346,293.6031520523265,16.247981878704362,18.095587960142545,1588,1589,True,smoke_test1.csv,2
72ab671e_geometry_0009_02,geometry_0009,2,1193448329,198.42823666705215,198.4282366670522,7,7,2.5,13.0,140.884038143,11.446105222417634,292.44587879394425,16.273090197398698,17.998289163735336,1408,1409,True,smoke_test1.csv,2
72ab671e_geometry_0010_02,geometry_0010,2,1445662585,114.4502019372142,114.4502019372142,3,3,2.5,13.0,95.88459082200096,7.473371611208961,280.5390777907823,16.34707897174346,17.198998535504494,958,959,True,smoke_test1.csv,2
72ab671e_geometry_0011_02,geometry_0011,2,415393687,94.83933494082366,94.83933494082363,2,2,2.5,13.0,84.8851449349986,6.53193653546311,276.9685587770793,16.365791168033162,16.964475390767884,848,849,True,smoke_test1.csv,2
72ab671e_geometry_0012_02,geometry_0012,2,1136108454,218.03918875403423,218.0391887540342,4,4,2.5,13.0,140.8831043609989,11.358153139896013,290.19840243505496,16.276218653909698,17.857614912996908,1408,1409,True,smoke_test1.csv,2
72ab671e_geometry_0013_02,geometry_0013,2,1973214822,194.08562126030867,194.08562126030867,8,8,2.5,13.0,143.88320241400106,11.647996688513654,291.4001566492516,16.270525455806222,17.937275508507994,1438,1439,True,smoke_test1.csv,2
72ab671e_geometry_0014_02,geometry_0014,2,1625792787,155.9833116339081,155.9833116339081,6,6,2.5,13.0,120.88809741600016,9.705508316547691,288.9846928761576,16.30359963763342,17.755615773922752,1208,1209,True,smoke_test1.csv,2
72ab671e_geometry_0015_02,geometry_0015,2,1553210608,168.32650100371632,168.32650100371632,2,2,2.5,13.0,114.88451257999986,9.104263856889768,285.2488708746188,16.316481189379182,17.514934337637133,1148,1149,True,smoke_test1.csv,2
72ab671e_geometry_0016_02,geometry_0016,2,298737106,162.45970466463936,162.45970466463936,6,6,2.5,13.0,123.88392847299838,9.939997371133927,288.8113627460078,16.300009663591855,17.748805043868618,1238,1239,True,smoke_test1.csv,2
72ab671e_geometry_0017_02,geometry_0017,2,1242911821,185.8021309708336,185.8021309708336,2,2,2.5,13.0,120.88391551600034,9.685016034674726,288.38565796436217,16.304735276795697,17.71741066312277,1208,1209,True,smoke_test1.csv,2
72ab671e_geometry_0018_02,geometry_0018,2,433797840,216.8508353624235,216.8508353624235,2,2,2.5,13.0,133.88286529799916,10.743714775971348,288.850633871299,16.287259951556592,17.763830819665895,1338,1339,True,smoke_test1.csv,2
72ab671e_geometry_0019_02,geometry_0019,2,1566942273,153.35683237321106,153.35683237321103,5,5,2.5,13.0,117.88492142799988,9.435104481646636,288.0926015820947,16.308754819848964,17.69583504138304,1178,1179,True,smoke_test1.csv,2
72ab671e_geometry_0020_02,geometry_0020,2,899825838,139.22895473870122,139.22895473870125,3,3,2.5,13.0,105.88379054699908,8.39599187373845,285.4136521912412,16.32794600640748,17.51346511475397,1058,1059,True,smoke_test1.csv,2
72ab671e_geometry_0021_02,geometry_0021,2,306671447,187.22240318753617,187.22240318753617,7,7,2.5,13.0,137.88408764200176,11.125144139081977,290.4292043875988,16.279612084071303,17.868614510598608,1378,1379,True,smoke_test1.csv,2
72ab671e_geometry_0022_02,geometry_0022,2,1051454923,204.95791566691776,204.9579156669178,6,6,2.5,13.0,141.8829464650007,11.493758497881029,291.5946648237279,16.272993719518983,17.946327985724444,1418,1419,True,smoke_test1.csv,2
72ab671e_geometry_0023_02,geometry_0023,2,1159417075,153.9616338961785,153.9616338961785,3,3,2.5,13.0,111.884187484,8.83671755969702,284.2886137032589,16.321574482990226,17.45166177234019,1118,1119,True,smoke_test1.csv,2
72ab671e_geometry_0024_02,geometry_0024,2,943239974,217.5476610071985,217.54766100719849,7,7,2.5,13.0,149.88477550700009,12.171418684572854,292.307319934233,16.261497098020588,18.001954235340293,1498,1499,True,smoke_test1.csv,2
72ab671e_geometry_0025_02,geometry_0025,2,240251661,191.3483568779032,191.3483568779032,7,7,2.5,13.0,138.88431925199984,11.244759858403498,291.4393608505178,16.27692734929106,17.932836183354183,1388,1389,True,smoke_test1.csv,2
72ab671e_geometry_0026_02,geometry_0026,2,1354860540,211.48841504108933,211.48841504108933,3,3,2.5,13.0,134.8853636240001,10.83041164064207,289.0232679661244,16.285692421394952,17.776181950160005,1348,1349,True,smoke_test1.csv,2
72ab671e_geometry_0027_02,geometry_0027,2,906164396,152.12890511708434,152.12890511708437,5,5,2.5,13.0,117.88390369599983,9.38116969111542,286.4458338747491,16.31087522854534,17.593875728844584,1178,1179,True,smoke_test1.csv,2
72ab671e_geometry_0028_02,geometry_0028,2,1351531223,228.1312921413762,228.1312921413762,6,6,2.5,13.0,150.8833920069992,12.2634110608793,292.5647265584038,16.259925909276195,18.019230875083554,1508,1509,True,smoke_test1.csv,2
72ab671e_geometry_0029_02,geometry_0029,2,1699226064,184.8701864471808,184.8701864471808,3,3,2.5,13.0,123.88472117099992,9.950566116880978,289.1185300264774,16.29984503585163,17.76715858455047,1238,1239,True,smoke_test1.csv,2
72ab671e_geometry_0030_02,geometry_0030,2,1137651678,201.03733338629272,201.03733338629277,7,7,2.5,13.0,142.8844003209997,11.55692370772981,291.14563402641454,16.272218399902087,17.919901557115512,1428,1429,True,smoke_test1.csv,2
72ab671e_geometry_0031_02,geometry_0031,2,1128466620,119.46040123103737,119.46040123103737,3,3,2.5,13.0,97.88314108200213,7.669777690842496,282.03161908049225,16.342483935487646,17.293850456456727,978,979,True,smoke_test1.csv,2
72ab671e_geometry_0032_02,geometry_0032,2,1715412119,210.09019129609493,210.09019129609493,7,7,2.5,13.0,146.8844726899988,11.94543156740503,292.73812484418653,16.264903456114684,18.02462861414585,1468,1469,True,smoke_test1.csv,2
72ab671e_geometry_0033_02,geometry_0033,2,594130308,127.5821893186488,127.5821893186488,4,4,2.5,13.0,104.88408075599727,8.241665907505661,282.83851533689733,16.332343026043915,17.353135917786762,1048,1049,True,smoke_test1.csv,2
72ab671e_geometry_0034_02,geometry_0034,2,202363285,191.37752014940455,191.3775201494046,6,6,2.5,13.0,135.88383489600164,11.001827528940549,291.43633324148874,16.28101035897744,17.928233615867658,1358,1359,True,smoke_test1.csv,2
72ab671e_geometry_0035_02,geometry_0035,2,687117441,197.26315825683164,197.2631582568316,8,8,2.5,13.0,144.88437500700093,11.7286654048237,291.39340029536595,16.269197461356615,17.93828804849591,1448,1449,True,smoke_test1.csv,2
72ab671e_geometry_0036_02,geometry_0036,2,272849424,224.6630982478237,224.66309824782363,8,8,2.5,13.0,155.88403370000017,12.698778655535184,293.2340839349645,16.252367690100435,18.068395965843152,1558,1559,True,smoke_test1.csv,2
72ab671e_geometry_0037_02,geometry_0037,2,2010258946,165.7943143807844,165.7943143807844,5,5,2.5,13.0,122.8846818359998,9.848550647629184,288.48339619118605,16.301737101704635,17.726907619089495,1228,1229,True,smoke_test1.csv,2
72ab671e_geometry_0038_02,geometry_0038,2,49310608,168.13575551825406,168.1357555182541,6,6,2.5,13.0,125.88342855799785,10.141046177647013,289.97200045312235,16.295949963182565,17.823534123664626,1258,1259,True,smoke_test1.csv,2
72ab671e_geometry_0039_02,geometry_0039,2,1146005448,219.891970993934,219.89197099393408,7,7,2.5,13.0,150.88540362999993,12.250412861733608,292.2543458556538,16.260415625145612,18.000006195046673,1508,1509,True,smoke_test1.csv,2
72ab671e_geometry_0040_02,geometry_0040,2,479112937,222.7661663318308,222.7661663318308,8,8,2.5,13.0,154.88663139799974,12.58851935717993,292.56581667434546,16.25465796946556,18.025119007109943,1548,1549,True,smoke_test1.csv,2
72ab671e_geometry_0001_03,geometry_0001,4,1181241943,176.015836907929,176.01583690792893,7,7,2.5,13.0,132.88317966500108,10.705782723316148,289.99667134879337,16.286668946816565,17.83482277052487,1328,1329,True,smoke_test1.csv,3
72ab671e_geometry_0002_03,geometry_0002,4,440213415,115.71371810381164,115.71371810381166,3,3,2.5,13.0,95.88405181000051,7.518712325800051,282.2427100038376,16.344848585079063,17.3043583060641,958,959,True,smoke_test1.csv,3
72ab671e_geometry_0003_03,geometry_0003,3,373399426,221.32807761607268,221.32807761607268,7,7,2.5,13.0,150.88272007699925,12.30237969636693,293.49457669317724,16.258699932818857,18.07736868886777,1508,1509,True,smoke_test1.csv,3
72ab671e_geometry_0004_03,geometry_0004,3,127978094,184.504494689786,184.50449468978596,6,6,2.5,13.0,133.88600885100095,10.761168487993436,289.31983160558974,16.286300268878325,17.793920459293936,1338,1339,True,smoke_test1.csv,3
72ab671e_geometry_0005_03,geometry_0005,3,113971123,114.98207596857654,114.98207596857652,2,2,2.5,13.0,92.88398635600242,7.227895440948303,280.0881532041228,16.3515432971671,17.167093247592256,928,929,True,smoke_test1.csv,3
72ab671e_geometry_0006_03,geometry_0006,3,1801823908,163.08841446591825,163.08841446591822,6,6,2.5,13.0,124.8835728160011,10.039466419054529,289.36588939432994,16.297963943359278,17.784595276519145,1248,1249,True,smoke_test1.csv,3
72ab671e_geometry_0007_03,geometry_0007,3,1194819984,151.87344740541658,151.87344740541656,3,3,2.5,13.0,109.883860836002,8.743638215875093,286.4134418467784,16.321445723682018,17.58070023243296,1098,1099,True,smoke_test1.csv,3
72ab671e_geometry_0008_03,geometry_0008,3,685731524,233.7264153980608,233.72641539806085,8,8,2.5,13.0,159.88399248199858,13.033294926796922,293.43055046869057,16.246868200343872,18.08620974747668,1598,1599,True,smoke_test1.csv,3
72ab671e_geometry_0009_03,geometry_0009,3,1193448329,198.42823666705215,198.4282366670522,7,7,2.5,13.0,140.88438214599955,11.451133272941275,292.5749073575344,16.27291561205223,18.006287707725765,1408,1409,True,smoke_test1.csv,3
72ab671e_geometry_0010_03,geometry_0010,3,1445662585,114.4502019372142,114.4502019372142,3,3,2.5,13.0,95.8847900610017,7.471465893670161,280.4692884383488,16.34716238791552,17.194692005703423,958,959,True,smoke_test1.csv,3
72ab671e_geometry_0011_03,geometry_0011,3,415393687,94.83933494082366,94.83933494082363,2,2,2.5,13.0,84.88271950099806,6.550418595255013,277.753299632911,16.36480881159662,17.012861809755805,848,849,True,smoke_test1.csv,3
72ab671e_geometry_0012_03,geometry_0012,3,1136108454,218.03918875403423,218.0391887540342,4,4,2.5,13.0,140.88423818700176,11.351741897874868,290.03513612488626,16.27646850033632,17.847451612596565,1408,1409,True,smoke_test1.csv,3
72ab671e_geometry_0013_03,geometry_0013,3,1973214822,194.08562126030867,194.08562126030867,8,8,2.5,13.0,143.88396953499978,11.647405695153132,291.3855767391278,16.270586594348984,17.93633731889012,1438,1439,True,smoke_test1.csv,3
72ab671e_geometry_0014_03,geometry_0014,3,1625792787,155.9833116339081,155.9833116339081,6,6,2.5,13.0,121.88361525499931,9.773159550444548,288.6228824662648,16.302776000263066,17.73447863313876,1218,1219,True,smoke_test1.csv,3
72ab671e_geometry_0015_03,geometry_0015,3,1553210608,168.32650100371632,168.32650100371632,2,2,2.5,13.0,113.88478822400066,9.089003859464746,287.2705674304601,16.31528259056299,17.638893296521832,1138,1139,True,smoke_test1.csv,3
72ab671e_geometry_0016_03,geometry_0016,3,298737106,162.45970466463936,162.45970466463936,6,6,2.5,13.0,123.88473321200216,9.9208423457228,288.25475459623993,16.30065615009742,17.714293380235596,1238,1239,True,smoke_test1.csv,3
72ab671e_geometry_0017_03,geometry_0017,3,1242911821,185.8021309708336,185.8021309708336,2,2,2.5,13.0,120.88366569300342,9.69298061425065,288.62284571090174,16.30443172439058,17.732133578321132,1208,1209,True,smoke_test1.csv,3
72ab671e_geometry_0018_03,geometry_0018,3,433797840,216.8508353624235,216.8508353624235,2,2,2.5,13.0,133.88482225500047,10.76276111746712,289.36284208443686,16.286646793812757,17.79568292197227,1338,1339,True,smoke_test1.csv,3
72ab671e_geometry_0019_03,geometry_0019,3,1566942273,153.35683237321106,153.35683237321103,5,5,2.5,13.0,117.88287717300044,9.452675475219896,288.62823012547466,16.308026223995608,17.72910050065134,1178,1179,True,smoke_test1.csv,3
72ab671e_geometry_0020_03,geometry_0020,3,899825838,139.22895473870122,139.22895473870125,3,3,2.5,13.0,105.88348160199894,8.405369910971528,285.7314410948589,16.327442736531115,17.53315356691791,1058,1059,True,smoke_test1.csv,3
72ab671e_geometry_0021_03,geometry_0021,3,306671447,187.22240318753617,187.22240318753617,7,7,2.5,13.0,137.88304889600113,11.143085227198016,290.89781767806124,16.279082012660613,17.897751539859158,1378,1379,True,smoke_test1.csv,3
72ab671e_geometry_0022_03,geometry_0022,3,1051454923,204.95791566691776,204.9579156669178,6,6,2.5,13.0,141.8853751070019,11.45134721874927,290.51928731551857,16.27437989555504,17.879386493695968,1418,1419,True,smoke_test1.csv,3
72ab671e_geometry_0023_03,geometry_0023,3,1159417075,153.9616338961785,153.9616338961785,3,3,2.5,13.0,111.88431000900164,8.845693637007264,284.5775103548442,16.321168800674453,17.469579595955917,1118,1119,True,smoke_test1.csv,3
72ab671e_geometry_0024_03,geometry_0024,3,943239974,217.5476610071985,217.54766100719849,7,7,2.5,13.0,148.8840005509992,12.140945232658634,293.53313328849265,16.261284880064892,18.07695055931376,1488,1489,True,smoke_test1.csv,3
72ab671e_geometry_0025_03,geometry_0025,3,240251661,191.3483568779032,191.3483568779032,7,7,2.5,13.0,138.8828333950005,11.21338370049963,290.6259112467806,16.277984196200826,17.882216993362633,1388,1389,True,smoke_test1.csv,3
72ab671e_geometry_0026_03,geometry_0026,3,1354860540,211.48841504108933,211.48841504108933,3,3,2.5,13.0,134.8836699780004,10.85471848461288,289.6718557748652,16.28484584845111,17.81653036109225,1348,1349,True,smoke_test1.csv,3
72ab671e_geometry_0027_03,geometry_0027,3,906164396,152.12890511708434,152.12890511708437,5,5,2.5,13.0,116.88550304100136,9.344208845326008,287.75688184849696,16.310478102763152,17.67386612847728,1168,1169,True,smoke_test1.csv,3
72ab671e_geometry_0028_03,geometry_0028,3,1351531223,228.1312921413762,228.1312921413762,6,6,2.5,13.0,149.88472220500262,12.223920931462953,293.56828676277104,16.259958776177527,18.08040651529928,1498,1499,True,smoke_test1.csv,3
72ab671e_geometry_0029_03,geometry_0029,3,1699226064,184.8701864471808,184.8701864471808,3,3,2.5,13.0,123.88479841200024,9.929228588318876,288.49826387189063,16.300627918566686,17.728659786434303,1238,1239,True,smoke_test1.csv,3
72ab671e_geometry_0030_03,geometry_0030,3,1137651678,201.03733338629272,201.03733338629277,7,7,2.5,13.0,143.8826321339984,11.6334961935773,291.0378383820731,16.27103070304823,17.914565272882964,1438,1439,True,smoke_test1.csv,3
72ab671e_geometry_0031_03,geometry_0031,3,1128466620,119.46040123103737,119.46040123103737,3,3,2.5,13.0,98.88409183500336,7.7124512135517636,280.7332579843022,16.342957297036815,17.21486304738042,988,989,True,smoke_test1.csv,3
72ab671e_geometry_0032_03,geometry_0032,3,1715412119,210.09019129609493,210.09019129609493,7,7,2.5,13.0,146.8838019879986,11.8990894999897,291.60261022825534,16.266412633710203,17.953866140185326,1468,1469,True,smoke_test1.csv,3
72ab671e_geometry_0033_03,geometry_0033,3,594130308,127.5821893186488,127.5821893186488,4,4,2.5,13.0,103.8834464520005,8.208575137646314,284.4138230499124,16.33170434439607,17.449306631197256,1038,1039,True,smoke_test1.csv,3
72ab671e_geometry_0034_03,geometry_0034,3,202363285,191.37752014940455,191.3775201494046,6,6,2.5,13.0,134.88370611999926,10.92767018668052,291.61814373534054,16.282057099734704,17.938168570233593,1348,1349,True,smoke_test1.csv,3
72ab671e_geometry_0035_03,geometry_0035,3,687117441,197.26315825683164,197.2631582568316,8,8,2.5,13.0,144.8835396120012,11.74665498378091,291.8404467512904,16.268597036168195,17.96614170841631,1448,1449,True,smoke_test1.csv,3
72ab671e_geometry_0036_03,geometry_0036,3,272849424,224.6630982478237,224.66309824782363,8,8,2.5,13.0,154.884131902003,12.652304720284828,294.0476137436564,16.25263022145123,18.11774651499392,1548,1549,True,smoke_test1.csv,3
72ab671e_geometry_0037_03,geometry_0037,3,2010258946,165.7943143807844,165.7943143807844,5,5,2.5,13.0,122.88358832299856,9.802737078170622,287.1401301394343,16.30348167698785,17.643498356091094,1228,1229,True,smoke_test1.csv,3
72ab671e_geometry_0038_03,geometry_0038,3,49310608,168.13575551825406,168.1357555182541,6,6,2.5,13.0,126.8835933329974,10.159734866475503,288.2169169568408,16.29683294363901,17.715917650313713,1268,1269,True,smoke_test1.csv,3
72ab671e_geometry_0039_03,geometry_0039,3,1146005448,219.891970993934,219.89197099393408,7,7,2.5,13.0,150.88357779599755,12.261555472113905,292.52087119307225,16.260031258372617,18.016653016046668,1508,1509,True,smoke_test1.csv,3
72ab671e_geometry_0040_03,geometry_0040,3,479112937,222.7661663318308,222.7661663318308,8,8,2.5,13.0,154.8837529299999,12.584621216943086,292.4747451383322,16.254729005580874,18.019463735248404,1548,1549,True,smoke_test1.csv,3
c8310217_geometry_0001_01,geometry_0001,5,1181241943,176.015836907929,176.01583690792893,7,7,2.5,13.0,133.16863920600008,10.759094648674628,290.7710768214854,16.28599404859113,17.883407962349086,1331,1332,True,smoke_test2.csv,1
c8310217_geometry_0002_01,geometry_0002,5,440213415,115.71371810381164,115.71371810381166,3,3,2.5,13.0,96.88616314899993,7.5848545469569535,281.7874786326419,16.344132871204607,17.2775434525251,968,969,True,smoke_test2.csv,1
c8310217_geometry_0003_01,geometry_0003,4,373399426,221.32807761607268,221.32807761607268,7,7,2.5,13.0,150.8842672030005,12.3141102787627,293.77451343527053,16.258372527388566,18.09481735044635,1508,1509,True,smoke_test2.csv,1
c8310217_geometry_0004_01,geometry_0004,4,127978094,184.504494689786,184.50449468978596,6,6,2.5,13.0,133.8837334609998,10.763497685215176,289.3829540512276,16.286201680748206,17.797833776806744,1338,1339,True,smoke_test2.csv,1
c8310217_geometry_0005_01,geometry_0005,4,113971123,114.98207596857654,114.98207596857652,2,2,2.5,13.0,92.88320252999983,7.219737808417406,279.772045065534,16.35197063565126,17.147566855186344,928,929,True,smoke_test2.csv,1
c8310217_geometry_0006_01,geometry_0006,4,1801823908,163.08841446591825,163.08841446591822,6,6,2.5,13.0,123.89546511500156,9.953158416635462,289.1648856844623,16.299585936625608,17.770750193849892,1238,1239,True,smoke_test2.csv,1
c8310217_geometry_0007_01,geometry_0007,4,1194819984,151.87344740541658,151.87344740541656,3,3,2.5,13.0,110.89232334600092,8.763704027757965,284.4588654546773,16.322632879905598,17.460946376033203,1108,1109,True,smoke_test2.csv,1
c8310217_geometry_0008_01,geometry_0008,4,685731524,233.7264153980608,233.72641539806085,8,8,2.5,13.0,158.88387173299998,12.984242167824409,294.1665740411248,16.247210978561412,18.130773648436787,1588,1589,True,smoke_test2.csv,1
c8310217_geometry_0009_01,geometry_0009,4,1193448329,198.42823666705215,198.4282366670522,7,7,2.5,13.0,141.88473466100186,11.473069958892408,291.06967187899954,16.27348421458378,17.913995299081385,1418,1419,True,smoke_test2.csv,1
c8310217_geometry_0010_01,geometry_0010,4,1445662585,114.4502019372142,114.4502019372142,3,3,2.5,13.0,95.88470060299731,7.49888705763563,281.4993767606459,16.345734871714157,17.258362518516645,958,959,True,smoke_test2.csv,1
c8310217_geometry_0011_01,geometry_0011,4,415393687,94.83933494082366,94.83933494082363,2,2,2.5,13.0,84.88288223299969,6.568116305030425,278.5034038595245,16.363850030797952,17.059127978897173,848,849,True,smoke_test2.csv,1
c8310217_geometry_0012_01,geometry_0012,4,1136108454,218.03918875403423,218.0391887540342,4,4,2.5,13.0,140.88404413199896,11.366427374543283,290.41117270805074,16.27599297354964,17.87087252291912,1408,1409,True,smoke_test2.csv,1
c8310217_geometry_0013_01,geometry_0013,4,1973214822,194.08562126030867,194.08562126030867,8,8,2.5,13.0,142.88320347099943,11.614698907016171,292.6006246017537,16.270326879993863,18.010636327789538,1428,1429,True,smoke_test2.csv,1
c8310217_geometry_0014_01,geometry_0014,4,1625792787,155.9833116339081,155.9833116339081,6,6,2.5,13.0,121.88416006699843,9.742265430240774,287.7099880055312,16.30394828740058,17.677842096802248,1218,1219,True,smoke_test2.csv,1
c8310217_geometry_0015_01,geometry_0015,4,1553210608,168.32650100371632,168.32650100371632,2,2,2.5,13.0,113.88586883199967,9.062055377413593,286.4192553424713,16.316323880672037,17.586154055161053,1138,1139,True,smoke_test2.csv,1
c8310217_geometry_0016_01,geometry_0016,4,298737106,162.45970466463936,162.45970466463936,6,6,2.5,13.0,123.88457489600114,9.97476472759466,289.82166760939714,16.298660132074858,17.81154920440994,1238,1239,True,smoke_test2.csv,1
c8310217_geometry_0017_01,geometry_0017,4,1242911821,185.8021309708336,185.8021309708336,2,2,2.5,13.0,121.88476550599808,9.705696729464798,286.6306608574572,16.30564639722841,17.609860121739313,1218,1219,True,smoke_test2.csv,1
c8310217_geometry_0018_01,geometry_0018,4,433797840,216.8508353624235,216.8508353624235,2,2,2.5,13.0,133.8840013150002,10.770303782444945,289.56557140827374,16.286330860528242,17.808289314647322,1338,1339,True,smoke_test2.csv,1
c8310217_geometry_0019_01,geometry_0019,4,1566942273,153.35683237321106,153.35683237321103,5,5,2.5,13.0,118.88539597999988,9.462511336701503,286.4994338564386,16.30946674298799,17.598426861126097,1188,1189,True,smoke_test2.csv,1
c8310217_geometry_0020_01,geometry_0020,4,899825838,139.22895473870122,139.22895473870125,3,3,2.5,13.0,105.88442019899958,8.328671084863217,283.12540419588726,16.330805307519785,17.371869283333435,1058,1059,True,smoke_test2.csv,1
c8310217_geometry_0021_01,geometry_0021,4,306671447,187.22240318753617,187.22240318753617,7,7,2.5,13.0,136.8852210389996,11.104032155968792,291.996106677609,16.27895110431947,17.96469643548773,1368,1369,True,smoke_test2.csv,1
c8310217_geometry_0022_01,geometry_0022,4,1051454923,204.95791566691776,204.9579156669178,6,6,2.5,13.0,141.88360957199984,11.486725235530074,291.41597193891533,16.273217814837317,17.935207452459643,1418,1419,True,smoke_test2.csv,1
c8310217_geometry_0023_01,geometry_0023,4,1159417075,153.9616338961785,153.9616338961785,3,3,2.5,13.0,112.88471454799948,8.926794916338661,284.6433523192654,16.319901543237975,17.474950922153184,1128,1129,True,smoke_test2.csv,1
c8310217_geometry_0024_01,geometry_0024,4,943239974,217.5476610071985,217.54766100719849,7,7,2.5,13.0,149.8841959240017,12.160141606193012,292.0352717418806,16.26189272335325,17.984996243712402,1498,1499,True,smoke_test2.csv,1
c8310217_geometry_0025_01,geometry_0025,4,240251661,191.3483568779032,191.3483568779032,7,7,2.5,13.0,138.8837574249992,11.241552896929116,291.3549075948721,16.27706055610278,17.927558976639254,1388,1389,True,smoke_test2.csv,1
c8310217_geometry_0026_01,geometry_0026,4,1354860540,211.48841504108933,211.48841504108933,3,3,2.5,13.0,133.88437508700008,10.814184561099063,290.7447317351853,16.284751359342728,17.881866624009884,1338,1339,True,smoke_test2.csv,1
c8310217_geometry_0027_01,geometry_0027,4,906164396,152.12890511708434,152.12890511708437,5,5,2.5,13.0,116.88399585700245,9.317662840007342,286.9406780493068,16.31154141780961,17.623215978042605,1168,1169,True,smoke_test2.csv,1
c8310217_geometry_0028_01,geometry_0028,4,1351531223,228.1312921413762,228.1312921413762,6,6,2.5,13.0,149.8842362439973,12.2184479888143,293.4364631759525,16.260155544828145,18.07218105065636,1498,1499,True,smoke_test2.csv,1
c8310217_geometry_0029_01,geometry_0029,4,1699226064,184.8701864471808,184.8701864471808,3,3,2.5,13.0,123.8844598320029,9.957068811206003,289.3074782019983,16.29958837045788,17.77889382362943,1238,1239,True,smoke_test2.csv,1
c8310217_geometry_0030_01,geometry_0030,4,1137651678,201.03733338629272,201.03733338629277,7,7,2.5,13.0,142.8838274049995,11.555893411761636,291.1193519821241,16.272234518266043,17.91826409170309,1428,1429,True,smoke_test2.csv,1
c8310217_geometry_0031_01,geometry_0031,4,1128466620,119.46040123103737,119.46040123103737,3,3,2.5,13.0,97.88357656100196,7.665887895615127,281.8898266885353,16.342709682569804,17.285086385038156,978,979,True,smoke_test2.csv,1
c8310217_geometry_0032_01,geometry_0032,4,1715412119,210.09019129609493,210.09019129609493,7,7,2.5,13.0,145.88445922100072,11.871729593771722,292.9258106698356,16.265954171246744,18.034934493758403,1458,1459,True,smoke_test2.csv,1
c8310217_geometry_0033_01,geometry_0033,4,594130308,127.5821893186488,127.5821893186488,4,4,2.5,13.0,104.88426002400227,8.245470564727572,282.9689095536961,16.332191483649442,17.361229270575897,1048,1049,True,smoke_test2.csv,1
c8310217_geometry_0034_01,geometry_0034,4,202363285,191.37752014940455,191.3775201494046,6,6,2.5,13.0,135.88503100899834,10.996799031519172,291.30363117299146,16.28116338475826,17.9199775174929,1358,1359,True,smoke_test2.csv,1
c8310217_geometry_0035_01,geometry_0035,4,687117441,197.26315825683164,197.2631582568316,8,8,2.5,13.0,144.88410380200003,11.723579167171872,291.26690747812427,16.269346491232504,17.93040674961872,1448,1449,True,smoke_test2.csv,1
c8310217_geometry_0036_01,geometry_0036,4,272849424,224.6630982478237,224.66309824782363,8,8,2.5,13.0,154.88411365399952,12.66035023879424,294.23517519906545,16.252383629224468,18.12943792785653,1548,1549,True,smoke_test2.csv,1
c8310217_geometry_0037_01,geometry_0037,4,2010258946,165.7943143807844,165.7943143807844,5,5,2.5,13.0,122.88440471600188,9.81843297029588,287.6003611414002,16.302850270096705,17.672090684014478,1228,1229,True,smoke_test2.csv,1
c8310217_geometry_0038_01,geometry_0038,4,49310608,168.13575551825406,168.1357555182541,6,6,2.5,13.0,126.88363670400211,10.169463954415027,288.49308631135307,16.29650119273469,17.73304142236968,1268,1269,True,smoke_test2.csv,1
c8310217_geometry_0039_01,geometry_0039,4,1146005448,219.891970993934,219.89197099393408,7,7,2.5,13.0,150.88646680999955,12.287713469046013,293.14443724065273,16.259210835552278,18.055513136824526,1508,1509,True,smoke_test2.csv,1
c8310217_geometry_0040_01,geometry_0040,4,479112937,222.7661663318308,222.7661663318308,8,8,2.5,13.0,153.8853554419984,12.573663918832391,294.1192329347872,16.253985824485813,18.120642827689416,1538,1539,True,smoke_test2.csv,1
c8310217_geometry_0001_02,geometry_0001,6,1181241943,176.015836907929,176.01583690792893,7,7,2.5,13.0,132.88419300999885,10.742873783951268,291.0008607637893,16.285379992471412,17.89726069952488,1328,1329,True,smoke_test2.csv,2
c8310217_geometry_0002_02,geometry_0002,6,440213415,115.71371810381164,115.71371810381166,3,3,2.5,13.0,96.88414898800328,7.544652717543544,280.2934267322603,16.346054472790414,17.18519058449519,968,969,True,smoke_test2.csv,2
c8310217_geometry_0003_02,geometry_0003,5,373399426,221.32807761607268,221.32807761607268,7,7,2.5,13.0,151.88388720799776,12.328306678752549,292.1764072703985,16.259137723067624,17.996569671237094,1518,1519,True,smoke_test2.csv,2
c8310217_geometry_0004_02,geometry_0004,5,127978094,184.504494689786,184.50449468978596,6,6,2.5,13.0,133.8839782230025,10.778985516733789,289.79885661364494,16.285621395210796,17.823696349364237,1338,1339,True,smoke_test2.csv,2
c8310217_geometry_0005_02,geometry_0005,5,113971123,114.98207596857654,114.98207596857652,2,2,2.5,13.0,92.884507984003,7.226234351154351,280.0232157099934,16.351663831745718,17.163078234137004,928,929,True,smoke_test2.csv,2
c8310217_geometry_0006_02,geometry_0006,5,1801823908,163.08841446591825,163.08841446591822,6,6,2.5,13.0,124.88366598399809,9.985833324961597,287.8199718785519,16.299906343531855,17.688630468773546,1248,1249,True,smoke_test2.csv,2
c8310217_geometry_0007_02,geometry_0007,5,1194819984,151.87344740541658,151.87344740541656,3,3,2.5,13.0,110.88345539799776,8.766040632351281,284.5578724918359,16.322553522851255,17.467087062490588,1108,1109,True,smoke_test2.csv,2
c8310217_geometry_0008_02,geometry_0008,5,685731524,233.7264153980608,233.72641539806085,8,8,2.5,13.0,158.8828050359989,12.998648206018972,294.4923905637763,16.246847866915395,18.15113238827604,1588,1589,True,smoke_test2.csv,2
c8310217_geometry_0009_02,geometry_0009,5,1193448329,198.42823666705215,198.4282366670522,7,7,2.5,13.0,141.8842895359994,11.4647561067111,290.8583502416712,16.273809814721954,17.900831175683205,1418,1419,True,smoke_test2.csv,2
c8310217_geometry_0010_02,geometry_0010,5,1445662585,114.4502019372142,114.4502019372142,3,3,2.5,13.0,95.8847809479994,7.492336919247557,281.2522668711946,16.346140526382715,17.243086117307136,958,959,True,smoke_test2.csv,2
c8310217_geometry_0011_02,geometry_0011,5,415393687,94.83933494082366,94.83933494082363,2,2,2.5,13.0,84.88409554300233,6.570135897298287,278.58768804079847,16.36369338557914,17.06432237198798,848,849,True,smoke_test2.csv,2
c8310217_geometry_0012_02,geometry_0012,5,1136108454,218.03918875403423,218.0391887540342,4,4,2.5,13.0,140.88431128699813,11.361464046777073,290.2836398846597,16.276095894569195,17.86293783574514,1408,1409,True,smoke_test2.csv,2
c8310217_geometry_0013_02,geometry_0013,5,1973214822,194.08562126030867,194.08562126030867,8,8,2.5,13.0,143.88418737900065,11.645420091565695,291.3358477103908,16.270615094564622,17.93325877583911,1438,1439,True,smoke_test2.csv,2
c8310217_geometry_0014_02,geometry_0014,5,1625792787,155.9833116339081,155.9833116339081,6,6,2.5,13.0,121.88315916600186,9.780057058522443,288.8266016340009,16.302547927368263,17.74711198426349,1218,1219,True,smoke_test2.csv,2
c8310217_geometry_0015_02,geometry_0015,5,1553210608,168.32650100371632,168.32650100371632,2,2,2.5,13.0,113.883795482001,9.083422572054678,287.0942229912277,16.31543627195551,17.627980287441098,1138,1139,True,smoke_test2.csv,2
c8310217_geometry_0016_02,geometry_0016,5,298737106,162.45970466463936,162.45970466463936,6,6,2.5,13.0,124.88360983800158,9.984643229150729,287.785483067036,16.299995975173694,17.686476766508374,1248,1249,True,smoke_test2.csv,2
c8310217_geometry_0017_02,geometry_0017,5,1242911821,185.8021309708336,185.8021309708336,2,2,2.5,13.0,121.88401463000264,9.733551896419652,287.4523994211299,16.30468085792047,17.66083630885229,1218,1219,True,smoke_test2.csv,2
c8310217_geometry_0018_02,geometry_0018,5,433797840,216.8508353624235,216.8508353624235,2,2,2.5,13.0,133.88522455299972,10.806937995746674,290.550162674834,16.285133699412842,17.869521605108236,1338,1339,True,smoke_test2.csv,2
c8310217_geometry_0019_02,geometry_0019,5,1566942273,153.35683237321106,153.35683237321103,5,5,2.5,13.0,117.88490792500306,9.383460186901935,286.5158967385939,16.310691197713215,17.59811662045245,1178,1179,True,smoke_test2.csv,2
c8310217_geometry_0020_02,geometry_0020,5,899825838,139.22895473870122,139.22895473870125,3,3,2.5,13.0,105.88406186700011,8.331550960667622,283.22304990827763,16.33062778001016,17.377912728458895,1058,1059,True,smoke_test2.csv,2
c8310217_geometry_0021_02,geometry_0021,5,306671447,187.22240318753617,187.22240318753617,7,7,2.5,13.0,136.8833679649979,11.07272084159906,291.1730562066374,16.279967184742496,17.91352040596562,1368,1369,True,smoke_test2.csv,2
c8310217_geometry_0022_02,geometry_0022,5,1051454923,204.95791566691776,204.9579156669178,6,6,2.5,13.0,140.88379997500306,11.440832870542115,292.31177679895296,16.273418111103997,17.989595066650253,1408,1409,True,smoke_test2.csv,2
c8310217_geometry_0023_02,geometry_0023,5,1159417075,153.9616338961785,153.9616338961785,3,3,2.5,13.0,111.88429256900054,8.85259636233675,284.7994207450161,16.320897998076873,17.483315078406807,1118,1119,True,smoke_test2.csv,2
c8310217_geometry_0024_02,geometry_0024,5,943239974,217.5476610071985,217.54766100719849,7,7,2.5,13.0,149.88394169399908,12.178272435467736,292.4719475010007,16.261407076000292,18.01220768430159,1498,1499,True,smoke_test2.csv,2
c8310217_geometry_0025_02,geometry_0025,5,240251661,191.3483568779032,191.3483568779032,7,7,2.5,13.0,138.883797374001,11.274987147600816,292.22341189144544,16.27596979161833,17.98164825327024,1388,1389,True,smoke_test2.csv,2
c8310217_geometry_0026_02,geometry_0026,5,1354860540,211.48841504108933,211.48841504108933,3,3,2.5,13.0,134.88465327299855,10.837011496093815,289.1993600156425,16.285415902501835,17.787130797059557,1348,1349,True,smoke_test2.csv,2
c8310217_geometry_0027_02,geometry_0027,5,906164396,152.12890511708434,152.12890511708437,5,5,2.5,13.0,117.88434892000078,9.38623232496588,286.60044502712134,16.310650460693772,17.60346015208449,1178,1179,True,smoke_test2.csv,2
c8310217_geometry_0028_02,geometry_0028,5,1351531223,228.1312921413762,228.1312921413762,6,6,2.5,13.0,149.88419701800012,12.224964264165752,293.5931751412701,16.259920084611664,18.081974204895573,1498,1499,True,smoke_test2.csv,2
c8310217_geometry_0029_02,geometry_0029,5,1699226064,184.8701864471808,184.8701864471808,3,3,2.5,13.0,123.88494426399848,9.949537673960297,289.08854221984006,16.299885382663827,17.765310255430272,1238,1239,True,smoke_test2.csv,2
c8310217_geometry_0030_02,geometry_0030,5,1137651678,201.03733338629272,201.03733338629277,7,7,2.5,13.0,142.88381674399716,11.54862920863484,290.9365314903153,16.272451471498247,17.90688551552046,1428,1429,True,smoke_test2.csv,2
c8310217_geometry_0031_02,geometry_0031,5,1128466620,119.46040123103737,119.46040123103737,3,3,2.5,13.0,97.88391822600532,7.677785199573878,282.326142519171,16.342180563797136,17.312042451063142,978,979,True,smoke_test2.csv,2
c8310217_geometry_0032_02,geometry_0032,5,1715412119,210.09019129609493,210.09019129609493,7,7,2.5,13.0,145.88414937900234,11.87769774049518,293.0737279524517,16.26581367848261,18.044153130768382,1458,1459,True,smoke_test2.csv,2
c8310217_geometry_0033_02,geometry_0033,5,594130308,127.5821893186488,127.5821893186488,4,4,2.5,13.0,104.88508557000024,8.256792537447664,283.3578525606256,16.331756764531022,17.385280811155944,1048,1049,True,smoke_test2.csv,2
c8310217_geometry_0034_02,geometry_0034,5,202363285,191.37752014940455,191.3775201494046,6,6,2.5,13.0,135.88332407199778,10.997809374206025,291.3306039895752,16.28117810600904,17.921662580230116,1358,1359,True,smoke_test2.csv,2
c8310217_geometry_0035_02,geometry_0035,5,687117441,197.26315825683164,197.2631582568316,8,8,2.5,13.0,144.883286819997,11.743715965416063,291.7670117716469,16.268678492723126,17.961566158621125,1448,1449,True,smoke_test2.csv,2
c8310217_geometry_0036_02,geometry_0036,5,272849424,224.6630982478237,224.66309824782363,8,8,2.5,13.0,155.88507394000044,12.725588288767728,293.8535755756522,16.251566522927373,18.10707460966073,1558,1559,True,smoke_test2.csv,2
c8310217_geometry_0037_02,geometry_0037,5,2010258946,165.7943143807844,165.7943143807844,5,5,2.5,13.0,122.88436591500069,9.815538458487064,287.5160691038065,16.302930814837712,17.66686693486205,1228,1229,True,smoke_test2.csv,2
c8310217_geometry_0038_02,geometry_0038,5,49310608,168.13575551825406,168.1357555182541,6,6,2.5,13.0,126.88402871700237,10.153330633366448,288.035679740582,16.297093769431207,17.704633177336603,1268,1269,True,smoke_test2.csv,2
c8310217_geometry_0039_02,geometry_0039,5,1146005448,219.891970993934,219.89197099393408,7,7,2.5,13.0,150.88520021099976,12.289952238414044,293.1981655496472,16.25917836891412,18.05886637445137,1508,1509,True,smoke_test2.csv,2
c8310217_geometry_0040_02,geometry_0040,5,479112937,222.7661663318308,222.7661663318308,8,8,2.5,13.0,153.88548113299476,12.578726041178426,294.237882812374,16.25375967911887,18.128043773268782,1538,1539,True,smoke_test2.csv,2
c8310217_geometry_0001_03,geometry_0001,7,1181241943,176.015836907929,176.01583690792893,7,7,2.5,13.0,133.88514110700635,10.795154888194638,290.2337929079182,16.28507545619335,17.850925641085695,1338,1339,True,smoke_test2.csv,3
c8310217_geometry_0002_03,geometry_0002,7,440213415,115.71371810381164,115.71371810381166,3,3,2.5,13.0,95.88418304999504,7.523048245663106,282.40548629996573,16.34461287736147,17.31442084035237,958,959,True,smoke_test2.csv,3
c8310217_geometry_0003_03,geometry_0003,6,373399426,221.32807761607268,221.32807761607268,7,7,2.5,13.0,150.8845858900022,12.31348711391852,293.7595238410896,16.258333461501095,18.093889569741474,1508,1509,True,smoke_test2.csv,3
c8310217_geometry_0004_03,geometry_0004,6,127978094,184.504494689786,184.50449468978596,6,6,2.5,13.0,133.88350699400326,10.76149776701044,289.32855756505023,16.286267383851783,17.79447307077371,1338,1339,True,smoke_test2.csv,3
c8310217_geometry_0005_03,geometry_0005,6,113971123,114.98207596857654,114.98207596857652,2,2,2.5,13.0,92.88349557600304,7.256330301134197,281.19006554455825,16.35016977620202,17.2351341179549,928,929,True,smoke_test2.csv,3
c8310217_geometry_0006_03,geometry_0006,6,1801823908,163.08841446591825,163.08841446591822,6,6,2.5,13.0,123.88405835499724,9.963721552571648,289.5012153450895,16.299069386898655,17.7916541942384,1238,1239,True,smoke_test2.csv,3
c8310217_geometry_0007_03,geometry_0007,6,1194819984,151.87344740541658,151.87344740541656,3,3,2.5,13.0,110.88440639100008,8.768198206145597,284.62842540557125,16.322382155574044,17.471478357897674,1108,1109,True,smoke_test2.csv,3
c8310217_geometry_0008_03,geometry_0008,6,685731524,233.7264153980608,233.72641539806085,8,8,2.5,13.0,159.88396611200005,13.018561270427911,293.0996610484443,16.2473159465587,18.065540554487683,1598,1599,True,smoke_test2.csv,3
c8310217_geometry_0009_03,geometry_0009,6,1193448329,198.42823666705215,198.4282366670522,7,7,2.5,13.0,141.88509769699886,11.461765569533268,290.78308583823355,16.273872487052717,17.896151820760828,1418,1419,True,smoke_test2.csv,3
c8310217_geometry_0010_03,geometry_0010,6,1445662585,114.4502019372142,114.4502019372142,3,3,2.5,13.0,95.8843394430005,7.48567176661096,281.00258779680377,16.34640225479078,17.227663854115697,958,959,True,smoke_test2.csv,3
c8310217_geometry_0011_03,geometry_0011,6,415393687,94.83933494082366,94.83933494082363,2,2,2.5,13.0,84.88493191999441,6.577671026460763,278.90928506890896,16.363271693037593,17.08418098200898,848,849,True,smoke_test2.csv,3
c8310217_geometry_0012_03,geometry_0012,6,1136108454,218.03918875403423,218.0391887540342,4,4,2.5,13.0,140.8835356299969,11.361065581993907,290.27378152375627,16.27610583200448,17.86232040227094,1408,1409,True,smoke_test2.csv,3
c8310217_geometry_0013_03,geometry_0013,6,1973214822,194.08562126030867,194.08562126030867,8,8,2.5,13.0,142.88305292900623,11.594245848142084,292.0855116250572,16.270936394672113,17.978544016185552,1428,1429,True,smoke_test2.csv,3
c8310217_geometry_0014_03,geometry_0014,6,1625792787,155.9833116339081,155.9833116339081,6,6,2.5,13.0,121.88338952100456,9.728432538949688,287.301739900346,16.304489709980864,17.652485224044742,1218,1219,True,smoke_test2.csv,3
c8310217_geometry_0015_03,geometry_0015,6,1553210608,168.32650100371632,168.32650100371632,2,2,2.5,13.0,114.88425876800466,9.12759213223058,285.980030271509,16.315597823020994,17.560278072752208,1148,1149,True,smoke_test2.csv,3
c8310217_geometry_0016_03,geometry_0016,6,298737106,162.45970466463936,162.45970466463936,6,6,2.5,13.0,123.88399611299974,9.973172767630334,289.77481910159395,16.298803892897634,17.808611338950627,1238,1239,True,smoke_test2.csv,3
c8310217_geometry_0017_03,geometry_0017,6,1242911821,185.8021309708336,185.8021309708336,2,2,2.5,13.0,120.8891762350031,9.69053280480157,288.5386423446716,16.304562411690863,17.72688956897647,1208,1209,True,smoke_test2.csv,3
c8310217_geometry_0018_03,geometry_0018,6,433797840,216.8508353624235,216.8508353624235,2,2,2.5,13.0,133.8851030309961,10.792076951955284,290.1511147991739,16.28564008409359,17.844689647237963,1338,1339,True,smoke_test2.csv,3
c8310217_geometry_0019_03,geometry_0019,6,1566942273,153.35683237321106,153.35683237321103,5,5,2.5,13.0,118.8847503920042,9.466051331581015,286.6052963238886,16.309389337358404,17.604961692419018,1188,1189,True,smoke_test2.csv,3
c8310217_geometry_0020_03,geometry_0020,6,899825838,139.22895473870122,139.22895473870125,3,3,2.5,13.0,105.8844253740026,8.357221137977087,284.09486946458145,16.329541843043284,17.431869301878134,1058,1059,True,smoke_test2.csv,3
c8310217_geometry_0021_03,geometry_0021,6,306671447,187.22240318753617,187.22240318753617,7,7,2.5,13.0,136.8848189650016,11.090823141213413,291.6479680532405,16.279361613394137,17.94305288064558,1368,1369,True,smoke_test2.csv,3
c8310217_geometry_0022_03,geometry_0022,6,1051454923,204.95791566691776,204.9579156669178,6,6,2.5,13.0,140.88377759199648,11.444516006127682,292.40644692441066,16.273231407528318,17.995499912387643,1408,1409,True,smoke_test2.csv,3
c8310217_geometry_0023_03,geometry_0023,6,1159417075,153.9616338961785,153.9616338961785,3,3,2.5,13.0,111.88383991499722,8.845673488225074,284.5772450256438,16.321179484554015,17.469543808933025,1118,1119,True,smoke_test2.csv,3
c8310217_geometry_0024_03,geometry_0024,6,943239974,217.5476610071985,217.54766100719849,7,7,2.5,13.0,148.88276048900298,12.120207255575034,293.0318565088068,16.26192293365663,18.04570810169562,1488,1489,True,smoke_test2.csv,3
c8310217_geometry_0025_03,geometry_0025,6,240251661,191.3483568779032,191.3483568779032,7,7,2.5,13.0,138.88498951999645,11.211075897386074,290.5660342031677,16.27807489207016,17.87849488725136,1388,1389,True,smoke_test2.csv,3
c8310217_geometry_0026_03,geometry_0026,6,1354860540,211.48841504108933,211.48841504108933,3,3,2.5,13.0,134.88400221000484,10.884185699744297,290.45824692555874,16.283769476051415,17.865425818690202,1348,1349,True,smoke_test2.csv,3
c8310217_geometry_0027_03,geometry_0027,6,906164396,152.12890511708434,152.12890511708437,5,5,2.5,13.0,117.88293617299496,9.37463422570272,286.24654108044984,16.311174651543098,17.581509336279396,1178,1179,True,smoke_test2.csv,3
c8310217_geometry_0028_03,geometry_0028,6,1351531223,228.1312921413762,228.1312921413762,6,6,2.5,13.0,150.88384764100192,12.260705421496882,292.50001706934387,16.26004253688279,18.01520833733996,1508,1509,True,smoke_test2.csv,3
c8310217_geometry_0029_03,geometry_0029,6,1699226064,184.8701864471808,184.8701864471808,3,3,2.5,13.0,123.88362160999532,9.956125444842687,289.27971904657767,16.29961013947888,17.777182768245588,1238,1239,True,smoke_test2.csv,3
c8310217_geometry_0030_03,geometry_0030,6,1137651678,201.03733338629272,201.03733338629277,7,7,2.5,13.0,142.8839911230025,11.572214111162582,291.5302968695632,16.271743255198793,17.943841439118497,1428,1429,True,smoke_test2.csv,3
c8310217_geometry_0031_03,geometry_0031,6,1128466620,119.46040123103737,119.46040123103737,3,3,2.5,13.0,97.8828235289984,7.70743854467325,283.4168600614916,16.340711737799328,17.379488884245898,978,979,True,smoke_test2.csv,3
c8310217_geometry_0032_03,geometry_0032,6,1715412119,210.09019129609493,210.09019129609493,7,7,2.5,13.0,146.88482146400202,11.905338931797358,291.7560272870127,16.266189319410643,17.963437289369804,1468,1469,True,smoke_test2.csv,3
c8310217_geometry_0033_03,geometry_0033,6,594130308,127.5821893186488,127.5821893186488,4,4,2.5,13.0,103.88431096300336,8.19566785092111,283.9669763302549,16.33222890749244,17.421655035254126,1038,1039,True,smoke_test2.csv,3
c8310217_geometry_0034_03,geometry_0034,6,202363285,191.37752014940455,191.3775201494046,6,6,2.5,13.0,134.88399957500224,10.922150029229412,291.4717048991396,16.282263961520524,17.929058169505613,1348,1349,True,smoke_test2.csv,3
c8310217_geometry_0035_03,geometry_0035,6,687117441,197.26315825683164,197.2631582568316,8,8,2.5,13.0,144.8877697229982,11.768546293741895,292.3743563890093,16.267937318632075,17.99937844171534,1448,1449,True,smoke_test2.csv,3
c8310217_geometry_0036_03,geometry_0036,6,272849424,224.6630982478237,224.66309824782363,8,8,2.5,13.0,154.8834610289996,12.67057776894251,294.47257309674075,16.252081492395074,18.144292680692143,1548,1549,True,smoke_test2.csv,3
c8310217_geometry_0037_03,geometry_0037,6,2010258946,165.7943143807844,165.7943143807844,5,5,2.5,13.0,122.88363930299964,9.83959043026946,288.2202149753727,16.30205528749694,17.71057725104862,1228,1229,True,smoke_test2.csv,3
c8310217_geometry_0038_03,geometry_0038,6,49310608,168.13575551825406,168.1357555182541,6,6,2.5,13.0,126.88419710900052,10.152084055209302,288.0003258592603,16.297147399144816,17.70245823677456,1268,1269,True,smoke_test2.csv,3
c8310217_geometry_0039_03,geometry_0039,6,1146005448,219.891970993934,219.89197099393408,7,7,2.5,13.0,150.8843651979987,12.314060787103822,293.7730338837007,16.258445454086193,18.09472456836617,1508,1509,True,smoke_test2.csv,3
c8310217_geometry_0040_03,geometry_0040,6,479112937,222.7661663318308,222.7661663318308,8,8,2.5,13.0,154.8843138000011,12.61197224743144,293.110780102313,16.25392975754858,18.059140927002574,1548,1549,True,smoke_test2.csv,3
