run_id,geometry_id,repeat_index,seed,target_distance_m,total_distance_m,waypoint_count,stop_count,speed_m_s,altitude_m,total_flight_time_s,total_flight_energy_wh,mean_power_w,battery_voltage_mean_v,battery_current_mean_a,valid_energy_intervals,sample_count,valid
f42a50ab_geometry_0001_01,geometry_0001,1,1181241943,176.01583690792899,176.01583690792893,7,7,2.5,13.0,132.92671577199985,10.74463282859341,290.8340036643008,16.285790249817353,17.887014635517858,1329,1330,True
f42a50ab_geometry_0002_01,geometry_0002,1,440213415,115.71371810381164,115.71371810381166,3,3,2.5,13.0,96.88615740200021,7.555624683129265,280.7023246671138,16.345493060762546,17.210463996326897,968,969,True
f42a50ab_geometry_0003_01,geometry_0003,1,373399426,221.32807761607268,221.32807761607268,7,7,2.5,13.0,151.88834959799988,12.326483795246444,292.1335314284026,16.2592423723433,17.993877174721455,1518,1519,True
f42a50ab_geometry_0004_01,geometry_0004,1,127978094,184.50449468978596,184.50449468978593,6,6,2.5,13.0,132.8900534029999,10.73573969682185,290.80975524424747,16.285732912245866,17.88519149035092,1328,1329,True
f42a50ab_geometry_0005_01,geometry_0005,1,113971123,114.98207596857654,114.98207596857652,2,2,2.5,13.0,93.88855703800004,7.278598514241273,279.346188334474,16.35139311605425,17.12243030084444,937,938,True
f42a50ab_geometry_0006_01,geometry_0006,1,1801823908,163.08841446591825,163.08841446591822,6,6,2.5,13.0,124.88860654699988,10.031342534625141,289.363275721669,16.29817864222404,17.784286445287318,1247,1248,True
f42a50ab_geometry_0007_01,geometry_0007,1,1194819984,151.87344740541658,151.87344740541656,3,3,2.5,13.0,110.88950179799986,8.772836926874303,284.7777799171124,16.32226314493081,17.48073901193732,1108,1109,True
f42a50ab_geometry_0008_01,geometry_0008,1,685731524,233.72641539806082,233.72641539806085,8,8,2.5,13.0,158.88951738299988,12.99900524956213,294.5006839520671,16.246947299916464,18.15162953242069,1588,1589,True
f42a50ab_geometry_0009_01,geometry_0009,1,1193448329,198.42823666705218,198.4282366670522,7,7,2.5,13.0,141.89536391599995,11.484204024569836,291.336255465177,16.273253816546816,17.930570375859485,1418,1419,True
f42a50ab_geometry_0010_01,geometry_0010,1,1445662585,114.4502019372142,114.4502019372142,3,3,2.5,13.0,95.88882920500009,7.527861528568059,282.5882034599825,16.344434600925545,17.325640880270658,958,959,True
f42a50ab_geometry_0011_01,geometry_0011,1,415393687,94.83933494082366,94.83933494082365,2,2,2.5,13.0,86.88954697300005,6.720623750301392,278.4116376778699,16.361415053127274,17.056029524838486,868,869,True
f42a50ab_geometry_0012_01,geometry_0012,1,1136108454,218.03918875403423,218.0391887540342,4,4,2.5,13.0,153.88874039699976,12.551852043348212,293.6084888005951,16.25494621232239,18.08816718098074,1538,1539,True
f42a50ab_geometry_0013_01,geometry_0013,1,1973214822,194.08562126030867,194.08562126030867,8,8,2.5,13.0,143.8891917850001,11.642499105128394,291.26202513391956,16.270728350514087,17.928672236046747,1438,1439,True
f42a50ab_geometry_0014_01,geometry_0014,1,1625792787,155.9833116339081,155.9833116339081,6,6,2.5,13.0,121.886917455,9.725579854152594,287.2199073020706,16.304646405164487,17.647423666920986,1218,1219,True
f42a50ab_geometry_0015_01,geometry_0015,1,1553210608,168.32650100371632,168.32650100371632,2,2,2.5,13.0,114.88755812199997,9.112677999890268,285.51442499047835,16.3162601195386,17.531400766674334,1148,1149,True
f42a50ab_geometry_0016_01,geometry_0016,1,298737106,162.45970466463936,162.45970466463936,6,6,2.5,13.0,124.88832276199992,10.002649785047526,288.30645197586836,16.299254560203337,17.71883063527753,1248,1249,True
f42a50ab_geometry_0017_01,geometry_0017,1,1242911821,185.80213097083362,185.80213097083362,2,2,2.5,13.0,121.88870506399962,9.72523737484156,287.20982903714975,16.305036069136158,17.645807612659844,1218,1219,True
f42a50ab_geometry_0018_01,geometry_0018,1,433797840,216.8508353624235,216.8508353624235,2,2,2.5,13.0,133.88821561399982,10.786361771882701,289.99673495739177,16.28586334644457,17.8351153463537,1338,1339,True
f42a50ab_geometry_0019_01,geometry_0019,1,1566942273,153.35683237321106,153.35683237321103,5,5,2.5,13.0,118.8864352620003,9.461756238354024,286.4756717955538,16.309529805805024,17.596946591685256,1188,1189,True
f42a50ab_geometry_0020_01,geometry_0020,1,899825838,139.22895473870122,139.22895473870125,3,3,2.5,13.0,105.88733377200015,8.341231116875527,283.5534080260883,16.330306745678666,17.398384844692558,1058,1059,True
f42a50ab_geometry_0021_01,geometry_0021,1,306671447,187.22240318753617,187.22240318753617,7,7,2.5,13.0,137.8881882679998,11.117647984204513,290.23380415423327,16.27981439995714,17.8564752969645,1378,1379,True
f42a50ab_geometry_0022_01,geometry_0022,1,1051454923,204.95791566691778,204.9579156669178,6,6,2.5,13.0,141.88792243299986,11.503689810510846,291.8456702512308,16.27271324114702,17.96193749652132,1418,1419,True
f42a50ab_geometry_0023_01,geometry_0023,1,1159417075,153.9616338961785,153.9616338961785,3,3,2.5,13.0,111.8876111479999,8.837441776520045,284.31287073077766,16.321572725638628,17.45318098657226,1118,1119,True
f42a50ab_geometry_0024_01,geometry_0024,1,943239974,217.54766100719854,217.54766100719849,7,7,2.5,13.0,149.89282680299993,12.153711332309008,291.87284437265987,16.262160197506752,17.97484946121189,1498,1499,True
f42a50ab_geometry_0025_01,geometry_0025,1,240251661,191.34835687790317,191.3483568779032,7,7,2.5,13.0,138.88774518799983,11.275508356102378,292.23596357079174,16.27602886175234,17.982404206615932,1388,1389,True
f42a50ab_geometry_0026_01,geometry_0026,1,1354860540,211.48841504108933,211.48841504108935,3,3,2.5,13.0,134.88741542499974,10.835388956542596,289.15547797143944,16.2854640938071,17.78441763525101,1348,1349,True
f42a50ab_geometry_0027_01,geometry_0027,1,906164396,152.12890511708434,152.12890511708437,5,5,2.5,13.0,116.88979936599935,9.34310868803049,287.96960409025667,16.31034836377183,17.686883150204405,1167,1168,True
f42a50ab_geometry_0028_01,geometry_0028,1,1351531223,228.1312921413762,228.1312921413762,6,6,2.5,13.0,150.88744059700002,12.260144728764976,292.48735417364145,16.26012140050323,18.01441972218133,1508,1509,True
f42a50ab_geometry_0029_01,geometry_0029,1,1699226064,184.8701864471808,184.8701864471808,3,3,2.5,13.0,124.88936150299924,9.967913508045065,287.30372680656455,16.300939129294157,17.655860245126405,1248,1249,True
f42a50ab_geometry_0030_01,geometry_0030,1,1137651678,201.03733338629272,201.03733338629274,7,7,2.5,13.0,142.88686834000055,11.586366130427447,291.8878518227188,16.271230995279662,17.966122781358624,1428,1429,True
f42a50ab_geometry_0031_01,geometry_0031,1,1128466620,119.46040123103735,119.46040123103737,3,3,2.5,13.0,97.88717570999961,7.709991784366147,283.5124809951687,16.340704577935973,17.385392849844433,978,979,True
f42a50ab_geometry_0032_01,geometry_0032,1,1715412119,210.09019129609493,210.09019129609493,7,7,2.5,13.0,145.88970132099985,11.871692882657744,292.9255699711878,16.266030967194713,18.034927578593173,1458,1459,True
f42a50ab_geometry_0033_01,geometry_0033,1,594130308,127.5821893186488,127.58218931864879,4,4,2.5,13.0,103.88646604699989,8.171077186436557,283.1150402800977,16.33330972981751,17.368940878591363,1038,1039,True
f42a50ab_geometry_0034_01,geometry_0034,1,202363285,191.37752014940457,191.3775201494046,6,6,2.5,13.0,135.8896323199997,10.978228063833335,290.8131665753717,16.281876418764227,17.889462410762214,1358,1359,True
f42a50ab_geometry_0035_01,geometry_0035,1,687117441,197.26315825683164,197.26315825683162,8,8,2.5,13.0,144.89031007000085,11.7282046216433,291.3746476019942,16.26926302860489,17.93711480731498,1448,1449,True
f42a50ab_geometry_0036_01,geometry_0036,1,272849424,224.6630982478237,224.66309824782365,8,8,2.5,13.0,154.8881647090002,12.641384726053882,293.79392560866415,16.25304274192697,18.101916946499596,1548,1549,True
f42a50ab_geometry_0037_01,geometry_0037,1,2010258946,165.7943143807844,165.79431438078439,5,5,2.5,13.0,123.8938462619999,9.895539099206509,287.50824496530345,16.30171101241462,17.66771546983678,1238,1239,True
f42a50ab_geometry_0038_01,geometry_0038,1,49310608,168.13575551825406,168.1357555182541,6,6,2.5,13.0,126.88778492299934,10.204607998742556,289.49073877464417,16.29534911057252,17.79499566032191,1268,1269,True
f42a50ab_geometry_0039_01,geometry_0039,1,1146005448,219.89197099393402,219.89197099393408,7,7,2.5,13.0,149.8913849619994,12.22753836429207,293.6455558438821,16.259974087135564,18.085376475351783,1498,1499,True
f42a50ab_geometry_0040_01,geometry_0040,1,479112937,222.7661663318308,222.7661663318308,8,8,2.5,13.0,154.88676146099988,12.61925522646803,293.2797957707027,16.253792897588287,18.069676758085357,1548,1549,True
f42a50ab_geometry_0041_01,geometry_0041,1,1948728483,158.6061960963511,158.6061960963511,4,4,2.5,13.0,117.89367047700034,9.359623478181737,285.77606798896954,16.311930364425958,17.551992719549055,1178,1179,True
f42a50ab_geometry_0042_01,geometry_0042,1,1131247330,232.61054840337283,232.6105484033728,2,2,2.5,13.0,139.88755949299957,11.332656289726394,291.617826258851,16.275990057366503,17.94417398345202,1398,1399,True
f42a50ab_geometry_0043_01,geometry_0043,1,457031004,217.14837110899822,217.14837110899822,6,6,2.5,13.0,145.88671639800032,11.81186703555594,291.4492374603163,16.267977444581415,17.942912521771447,1458,1459,True
f42a50ab_geometry_0044_01,geometry_0044,1,854316681,222.01440929118803,222.01440929118806,8,8,2.5,13.0,153.88790316400082,12.55986175070305,293.7966546171833,16.254375735376467,18.100629841801098,1538,1539,True
f42a50ab_geometry_0045_01,geometry_0045,1,693847829,139.82621641458366,139.82621641458363,3,3,2.5,13.0,105.88839036099944,8.385321354926951,285.0511666360282,16.328384143660045,17.491104450502466,1058,1059,True
f42a50ab_geometry_0046_01,geometry_0046,1,2456273,235.53597577473627,235.5359757747363,6,6,2.5,13.0,153.88977359600085,12.504138412754504,292.4929457241977,16.25616972379827,18.018933952469535,1538,1539,True
f42a50ab_geometry_0047_01,geometry_0047,1,83651970,175.1189814724486,175.1189814724486,6,6,2.5,13.0,129.8869783729997,10.429110745755027,289.0266472027602,16.29195537669921,17.770222848483446,1298,1299,True
f42a50ab_geometry_0048_01,geometry_0048,1,1320763135,228.65577860233873,228.65577860233873,2,2,2.5,13.0,137.8889431360003,11.154654111876557,291.1998483878533,16.279029034288833,17.915431029559738,1378,1379,True
f42a50ab_geometry_0049_01,geometry_0049,1,338258951,89.26802663907,89.26802663907,3,3,2.5,13.0,84.8885522670007,6.581201068214838,279.0584418414984,16.363119747669593,17.093662645277274,848,849,True
f42a50ab_geometry_0050_01,geometry_0050,1,297265480,197.10521517514044,197.10521517514044,2,2,2.5,13.0,125.88856855099948,10.061972974499302,287.93997198392475,16.299011104626192,17.69639067159335,1257,1258,True
f42a50ab_geometry_0051_01,geometry_0051,1,540137296,217.56989613741675,217.56989613741672,8,8,2.5,13.0,151.88766975,12.385977938729695,293.5437342321453,16.257372064446052,18.081981145483127,1518,1519,True
f42a50ab_geometry_0052_01,geometry_0052,1,709214891,185.5601316395788,185.56013163957883,3,3,2.5,13.0,123.88717304900001,9.9420615974154,288.87232698276955,16.300190444527566,17.751904319710217,1238,1239,True
f42a50ab_geometry_0053_01,geometry_0053,1,1817363615,171.98502538822856,171.9850253882286,4,4,2.5,13.0,122.88854005099984,9.801955920041406,287.1178464407185,16.30366880356344,17.641862923089956,1228,1229,True
f42a50ab_geometry_0054_01,geometry_0054,1,863937247,228.6261588803483,228.62615888034833,3,3,2.5,13.0,141.88764661000096,11.46461856297109,290.8555792154371,16.274257309089,17.899710645567076,1418,1419,True
f42a50ab_geometry_0055_01,geometry_0055,1,1603828849,190.44357297366443,190.4435729736644,7,7,2.5,13.0,137.893802169001,11.18878464538417,292.08209731374905,16.277510580072548,17.97146438176462,1378,1379,True
f42a50ab_geometry_0056_01,geometry_0056,1,1939118223,227.95369015715346,227.95369015715346,5,5,2.5,13.0,147.88984510699993,11.962887994953773,291.18364750723003,16.26575735245628,17.928755468537148,1478,1479,True
f42a50ab_geometry_0057_01,geometry_0057,1,274989148,119.66489818656127,119.66489818656127,2,2,2.5,13.0,94.8890114629994,7.4257239328425015,281.6898223737773,16.346964937618083,17.26860863528557,948,949,True
f42a50ab_geometry_0058_01,geometry_0058,1,988335251,99.02893344101648,99.02893344101648,4,4,2.5,13.0,92.88811587800046,7.281237709439036,282.15561621023284,16.34876288792802,17.295381772826126,928,929,True
f42a50ab_geometry_0059_01,geometry_0059,1,304912982,165.1408689073497,165.1408689073497,6,6,2.5,13.0,124.88905412900021,10.054916718756763,289.8118304647812,16.297369101030338,17.81220134732435,1248,1249,True
f42a50ab_geometry_0060_01,geometry_0060,1,983297492,213.43941292344712,213.43941292344715,7,7,2.5,13.0,147.886471875001,12.00609138043396,292.23498328958516,16.264313158108788,17.994793376758786,1478,1479,True
f42a50ab_geometry_0061_01,geometry_0061,1,1419179580,224.86720208098046,224.86720208098043,2,2,2.5,13.0,136.8872600900013,11.06465441949394,290.9604841897645,16.280689593385482,17.899159554846534,1368,1369,True
f42a50ab_geometry_0062_01,geometry_0062,1,1196050747,162.26497916937427,162.2649791693743,2,2,2.5,13.0,111.89158939399931,8.913151004772379,286.7356928323836,16.318595045906182,17.603046937691676,1118,1119,True
f42a50ab_geometry_0063_01,geometry_0063,1,568275055,202.94984393883533,202.94984393883536,7,7,2.5,13.0,143.89839239100002,11.687936054799975,292.38825658273686,16.269334338455252,17.99871394316497,1438,1439,True
f42a50ab_geometry_0064_01,geometry_0064,1,2030106617,235.3570253218083,235.35702532180832,7,7,2.5,13.0,156.8920358129999,12.769626866526954,292.9822069801045,16.25150301138864,18.053785409419834,1568,1569,True
f42a50ab_geometry_0065_01,geometry_0065,1,1748309234,205.53910788652053,205.53910788652053,3,3,2.5,13.0,132.88824721700075,10.653582439208241,288.58174877684536,16.288887919475478,17.7460116664378,1328,1329,True
f42a50ab_geometry_0066_01,geometry_0066,1,1851350739,95.09212743870116,95.09212743870114,3,3,2.5,13.0,88.89103296299982,6.8574001741468145,277.6874216370081,16.35970498418647,17.01415035074118,888,889,True
f42a50ab_geometry_0067_01,geometry_0067,1,2005855667,156.9953217148686,156.99532171486862,4,4,2.5,13.0,115.8888405810012,9.239534218580957,286.98883178178414,16.312875647293893,17.624606979077132,1158,1159,True
f42a50ab_geometry_0068_01,geometry_0068,1,422701550,226.99564077407283,226.99564077407285,8,8,2.5,13.0,156.89665861899994,12.75804753183772,292.7065210725079,16.251855475800745,18.03673636069945,1568,1569,True
f42a50ab_geometry_0069_01,geometry_0069,1,1457293575,144.419405136363,144.419405136363,2,2,2.5,13.0,104.8894143739999,8.24976945552697,283.3857659974452,16.332037070325313,17.386287781758277,1047,1048,True
f42a50ab_geometry_0070_01,geometry_0070,1,1067970820,233.36028174493396,233.36028174493396,8,8,2.5,13.0,158.88890884600005,13.014534238879865,294.8527203939088,16.246348795761772,18.173580457830933,1588,1589,True
f42a50ab_geometry_0071_01,geometry_0071,1,1926780541,110.43342535052984,110.43342535052983,3,3,2.5,13.0,94.88816970900007,7.403200757818542,280.8348153759394,16.34792073232733,17.216153425202794,948,949,True
f42a50ab_geometry_0072_01,geometry_0072,1,1196342297,147.50106237350468,147.50106237350468,3,3,2.5,13.0,108.88948769299896,8.643921191504772,285.74567733500203,16.323669289973374,17.537961015414492,1088,1089,True
f42a50ab_geometry_0073_01,geometry_0073,1,323775634,149.97677374585206,149.97677374585206,5,5,2.5,13.0,115.88980249700035,9.275500636639972,288.10613458657485,16.311404594375308,17.69399442339864,1158,1159,True
f42a50ab_geometry_0074_01,geometry_0074,1,420514789,216.96266936780432,216.96266936780432,5,5,2.5,13.0,143.8899686140012,11.616490646322996,290.6110532528012,16.271755475646675,17.887581258742987,1438,1439,True
f42a50ab_geometry_0075_01,geometry_0075,1,63384488,184.34318303976352,184.34318303976352,2,2,2.5,13.0,120.88781687600022,9.655524628041007,287.5055296388462,16.305953638725185,17.6627787963924,1208,1209,True
f42a50ab_geometry_0076_01,geometry_0076,1,1015242176,228.21871728130043,228.21871728130043,2,2,2.5,13.0,137.88767677100077,11.159646142494905,291.3295240351877,16.27886589581418,17.92356013559599,1378,1379,True
f42a50ab_geometry_0077_01,geometry_0077,1,2067418686,145.02624927239552,145.0262492723955,3,3,2.5,13.0,108.88786154399895,8.6016150773355,284.3488988539385,16.325389205260052,17.45156069303101,1088,1089,True
f42a50ab_geometry_0078_01,geometry_0078,1,251837136,218.34406304483448,218.3440630448345,3,3,2.5,13.0,136.89093394500014,11.059491152990995,290.82479173619686,16.28079478874792,17.89089075916762,1368,1369,True
f42a50ab_geometry_0079_01,geometry_0079,1,1676848676,140.63569903630656,140.63569903630656,3,3,2.5,13.0,106.89344560099926,8.414788284151392,283.3655591845381,16.329255224500894,17.387997766170855,1068,1069,True
f42a50ab_geometry_0080_01,geometry_0080,1,1954246074,229.418602592544,229.41860259254398,4,4,2.5,13.0,144.8938906610001,11.723579045615452,291.25576462724206,16.269726798647927,17.92897814676793,1448,1449,True
f42a50ab_geometry_0081_01,geometry_0081,1,2090237817,156.91307798258345,156.91307798258345,4,4,2.5,13.0,115.88948341099967,9.261297982898546,287.66583090688647,16.3120284092848,17.666487867811355,1158,1159,True
f42a50ab_geometry_0082_01,geometry_0082,1,935018220,110.38365876282194,110.38365876282194,3,3,2.5,13.0,94.89022059000126,7.367942749078796,279.4986039447,16.349639386095664,17.133540136733725,948,949,True
f42a50ab_geometry_0083_01,geometry_0083,1,261810763,172.668846530601,172.668846530601,2,2,2.5,13.0,115.89038749500105,9.215516246140014,286.2435505374036,16.314015460076057,17.577937504429308,1158,1159,True
f42a50ab_geometry_0084_01,geometry_0084,1,215359682,190.5795463034205,190.57954630342053,7,7,2.5,13.0,138.8887969819989,11.270244727473074,292.1000191027482,16.2761677947295,17.973923296953938,1388,1389,True
f42a50ab_geometry_0085_01,geometry_0085,1,676168421,189.77169764245775,189.77169764245778,6,6,2.5,13.0,134.89093729399974,10.876543373668026,290.2457669887034,16.283832506217983,17.8528090833988,1348,1349,True
f42a50ab_geometry_0086_01,geometry_0086,1,344076115,233.72462452391207,233.7246245239121,2,2,2.5,13.0,139.89464009999938,11.328265231941469,291.48916391062204,16.27610869063404,17.936218305383733,1398,1399,True
f42a50ab_geometry_0087_01,geometry_0087,1,291889680,200.91959812707472,200.91959812707472,8,8,2.5,13.0,145.88900602600006,11.82604479629095,291.7987650573385,16.267347607733534,17.96499614322059,1458,1459,True
f42a50ab_geometry_0088_01,geometry_0088,1,1734202799,230.05098254184932,230.0509825418493,7,7,2.5,13.0,153.88934350800082,12.560242902773679,293.80603489634916,16.2543789675826,18.10097426670598,1538,1539,True
f42a50ab_geometry_0089_01,geometry_0089,1,1057486868,230.6553803566543,230.6553803566543,2,2,2.5,13.0,139.88844412100116,11.292854066709975,290.59318133462494,16.277248817482022,17.8804498748951,1398,1399,True
f42a50ab_geometry_0090_01,geometry_0090,1,352116052,201.07383873921037,201.07383873921034,6,6,2.5,13.0,139.88738704299976,11.280445013690057,290.2731525240621,16.277261716285036,17.861393424921307,1398,1399,True
f42a50ab_geometry_0091_01,geometry_0091,1,1358798143,198.88477973670268,198.88477973670268,5,5,2.5,13.0,135.88789413800077,10.97391119297683,290.69762551137467,16.28202504599419,17.882059892561394,1358,1359,True
f42a50ab_geometry_0092_01,geometry_0092,1,1349409434,125.41332471698925,125.41332471698925,4,4,2.5,13.0,102.88977506399897,8.12905251215423,284.3945641835917,16.333024098180356,17.446802317285215,1028,1029,True
f42a50ab_geometry_0093_01,geometry_0093,1,562117925,122.4983220050166,122.4983220050166,3,3,2.5,13.0,98.89234349300023,7.781955718895785,283.25045986186655,16.33971872320069,17.37050517835288,988,989,True
f42a50ab_geometry_0094_01,geometry_0094,1,1963764597,214.47605679631076,214.47605679631076,7,7,2.5,13.0,148.89575111699924,12.08897503086008,292.26842592360725,16.262882590053703,17.99816616212285,1488,1489,True
f42a50ab_geometry_0095_01,geometry_0095,1,311570307,229.77863976559405,229.77863976559405,4,4,2.5,13.0,145.88885916500112,11.792212708558585,290.9649912996632,16.268716340199,17.91222714633005,1458,1459,True
f42a50ab_geometry_0096_01,geometry_0096,1,429416213,153.32568361897378,153.32568361897378,2,2,2.5,13.0,107.88810259799902,8.560535477379009,285.6135446583259,16.325189846770645,17.528220119405333,1078,1079,True
f42a50ab_geometry_0097_01,geometry_0097,1,1139027119,166.0215046562604,166.0215046562604,2,2,2.5,13.0,113.88998673400056,9.015247836255796,284.94117322776214,16.318272939787505,17.494512317151067,1138,1139,True
f42a50ab_geometry_0098_01,geometry_0098,1,295456419,229.32150047899344,229.3215004789935,3,3,2.5,13.0,141.8878991670008,11.502854739879897,291.82577835717586,16.272984580644174,17.960098234294712,1418,1419,True
f42a50ab_geometry_0099_01,geometry_0099,1,677517496,139.12433419822145,139.12433419822145,3,3,2.5,13.0,106.89065032500002,8.415139035018264,283.6529089558313,16.32901576931557,17.405654998485712,1067,1068,True
f42a50ab_geometry_0100_01,geometry_0100,1,1299301222,220.04939455677686,220.04939455677686,5,5,2.5,13.0,143.8927396299987,11.665154946935393,291.8214402740699,16.270228699398505,17.962932200166524,1438,1439,True
f42a50ab_geometry_0101_01,geometry_0101,1,33599984,238.44991778414231,238.44991778414231,6,6,2.5,13.0,154.88694780200058,12.582323336979561,292.4221815136837,16.25492655715302,18.015964714089964,1548,1549,True
f42a50ab_geometry_0102_01,geometry_0102,1,1285821930,226.83149772831325,226.83149772831325,7,7,2.5,13.0,152.88779013699968,12.476677055234743,293.75895881196965,16.255815018229114,18.09663133397747,1528,1529,True
f42a50ab_geometry_0103_01,geometry_0103,1,576775951,175.45822813811122,175.45822813811122,7,7,2.5,13.0,131.88954229500087,10.655754451905109,290.8306650747719,16.286935606718604,17.88528386284855,1318,1319,True
f42a50ab_geometry_0104_01,geometry_0104,1,459716009,112.62172854035072,112.62172854035072,4,4,2.5,13.0,98.88967696100008,7.724349602455428,281.1667258986533,16.342278884563697,17.242011706586794,988,989,True
f42a50ab_geometry_0105_01,geometry_0105,1,1169726681,207.83210214370675,207.83210214370672,7,7,2.5,13.0,145.88899335299902,11.83474684381315,292.0138986524974,16.267203674159532,17.978162687718665,1458,1459,True
f42a50ab_geometry_0106_01,geometry_0106,1,1472659626,183.09549509235225,183.09549509235222,4,4,2.5,13.0,126.88797126200006,10.147504717882324,287.87041041414477,16.2974743974594,17.693955472873785,1268,1269,True
f42a50ab_geometry_0107_01,geometry_0107,1,1133802214,189.9995406082129,189.9995406082129,3,3,2.5,13.0,125.89740183899994,10.063500406438667,287.7408219401292,16.299070643090936,17.68437606846652,1258,1259,True
f42a50ab_geometry_0108_01,geometry_0108,1,218179599,190.89905780634015,190.89905780634012,6,6,2.5,13.0,135.88956630900066,10.974889946715551,290.7230624490264,16.28194559699389,17.88385534332551,1358,1359,True
f42a50ab_geometry_0109_01,geometry_0109,1,1188332531,181.48551156947107,181.48551156947107,2,2,2.5,13.0,119.89543909399981,9.60295768227092,288.31074575139957,16.30616425394117,17.711409107304245,1198,1199,True
f42a50ab_geometry_0110_01,geometry_0110,1,561866144,80.56731025404517,80.56731025404517,2,2,2.5,13.0,78.88768929400067,6.054453042299898,276.24706222927534,16.37437977325478,16.91257246931205,788,789,True
f42a50ab_geometry_0111_01,geometry_0111,1,693989311,238.5454526756762,238.54545267567616,7,7,2.5,13.0,157.8892231560003,12.915008939284228,294.4507289711167,16.24836432352483,18.14690901271579,1578,1579,True
f42a50ab_geometry_0112_01,geometry_0112,1,1836901321,199.81215685398124,199.81215685398126,7,7,2.5,13.0,142.88766145800037,11.590362409830995,291.9871890418762,16.27113581204264,17.972406846955366,1428,1429,True
f42a50ab_geometry_0113_01,geometry_0113,1,323169889,144.92829116240063,144.92829116240063,6,6,2.5,13.0,116.89416184499896,9.359652172678409,288.22260760452775,16.309884450698735,17.702916629300145,1168,1169,True
f42a50ab_geometry_0114_01,geometry_0114,1,154739678,233.0828571523123,233.08285715231227,7,7,2.5,13.0,155.88817908000055,12.713150138989013,293.5668877869782,16.252141869320482,18.088877087976304,1558,1559,True
f42a50ab_geometry_0115_01,geometry_0115,1,636057975,209.7223672565852,209.7223672565852,8,8,2.5,13.0,149.88893284599908,12.166201262832633,292.1815193478439,16.26165522218466,17.994349158239153,1498,1499,True
f42a50ab_geometry_0116_01,geometry_0116,1,1323959527,135.29346231385665,135.29346231385665,5,5,2.5,13.0,110.88831668700004,8.79935487733216,285.63908163613144,16.321005285484926,17.53458028045509,1108,1109,True
f42a50ab_geometry_0117_01,geometry_0117,1,171347175,225.45333437893296,225.45333437893296,4,4,2.5,13.0,142.89243831400017,11.60339052230781,292.30558593442055,16.270967886613082,17.991574094239088,1428,1429,True
f42a50ab_geometry_0118_01,geometry_0118,1,1071722055,126.25102152092458,126.25102152092458,4,4,2.5,13.0,102.88950169799864,8.133580372678853,284.55457979365775,16.33285599014386,17.456714852493114,1028,1029,True
f42a50ab_geometry_0119_01,geometry_0119,1,1745377599,175.40114076036858,175.40114076036855,7,7,2.5,13.0,132.88872023300064,10.71002646145245,290.3300657466345,16.286402878991094,17.855481524244848,1327,1328,True
f42a50ab_geometry_0120_01,geometry_0120,1,1016779084,215.94985066977978,215.94985066977983,6,6,2.5,13.0,145.88949268699798,11.863137922082403,292.71433929012585,16.266414752147064,18.021623981288027,1458,1459,True
f42a50ab_geometry_0121_01,geometry_0121,1,760434128,199.80008482082104,199.80008482082098,8,8,2.5,13.0,145.8884008069981,11.813118175209489,291.48031912367907,16.267756786960867,17.94520178610348,1458,1459,True
f42a50ab_geometry_0122_01,geometry_0122,1,1426725702,122.97436342778265,122.97436342778263,5,5,2.5,13.0,105.88745080100125,8.358405191169041,284.1358384970334,16.329350186024666,17.43499485600293,1058,1059,True
f42a50ab_geometry_0123_01,geometry_0123,1,1065870178,236.67916253031962,236.67916253031967,8,8,2.5,13.0,159.88933379999798,13.087560233394516,294.8359996132529,16.24535684860096,18.17379808436627,1597,1598,True
f42a50ab_geometry_0124_01,geometry_0124,1,464267175,118.9244893892253,118.92448938922531,4,4,2.5,13.0,100.89371725999808,7.903800457693655,281.98074683408123,16.33868858859135,17.29488563324935,1008,1009,True
f42a50ab_geometry_0125_01,geometry_0125,1,2021598245,224.66001394873075,224.66001394873075,5,5,2.5,13.0,145.88723592600218,11.85136035555904,292.42316762017634,16.266817125577973,18.003179824453376,1458,1459,True
f42a50ab_geometry_0126_01,geometry_0126,1,1976987348,111.9316528041203,111.93165280412029,3,3,2.5,13.0,94.88868459899822,7.4534101469196035,282.7400824338166,16.34549288453242,17.33384568792217,948,949,True
f42a50ab_geometry_0127_01,geometry_0127,1,977515194,139.94748489675848,139.94748489675848,4,4,2.5,13.0,108.88815237100061,8.658065353104137,286.214632398569,16.322977841940354,17.56727230587172,1088,1089,True
f42a50ab_geometry_0128_01,geometry_0128,1,829486135,83.78630955223224,83.78630955223224,3,3,2.5,13.0,82.88779077899744,6.414677889150959,278.8963278340105,16.36595610374414,17.081062421913526,827,828,True
f42a50ab_geometry_0129_01,geometry_0129,1,298159856,159.39143414372478,159.39143414372478,5,5,2.5,13.0,119.88890232799895,9.585417120473409,287.8002444204282,16.306602926628106,17.680441563779656,1198,1199,True
f42a50ab_geometry_0130_01,geometry_0130,1,1716605598,205.39799965064984,205.39799965064984,8,8,2.5,13.0,146.8867203129994,11.968708342485723,293.30913295886495,16.26417028636166,18.06048289251782,1468,1469,True
f42a50ab_geometry_0131_01,geometry_0131,1,1422277848,238.64277747827472,238.64277747827475,7,7,2.5,13.0,158.8894140659977,12.934307164533278,293.0345397666882,16.24880945554989,18.059898891795104,1588,1589,True
f42a50ab_geometry_0132_01,geometry_0132,1,1121910732,98.45468029622842,98.45468029622843,2,2,2.5,13.0,85.89018793200012,6.650209804365999,278.70239338976967,16.36229765318048,17.072688767302683,858,859,True
f42a50ab_geometry_0133_01,geometry_0133,1,1140169349,172.89435739819325,172.89435739819325,3,3,2.5,13.0,118.8922080270022,9.526471192021816,288.43587322389465,16.307215267916103,17.718107176933646,1188,1189,True
f42a50ab_geometry_0134_01,geometry_0134,1,1866437132,97.34440755435378,97.34440755435378,2,2,2.5,13.0,86.88841808500001,6.6832963380857535,276.86427567359317,16.36334482682451,16.960540453115666,868,869,True
f42a50ab_geometry_0135_01,geometry_0135,1,1347233823,200.91048873398944,200.9104887339894,4,4,2.5,13.0,133.8941489639983,10.783211565874957,289.89858391196134,16.285786462773842,17.829454425307823,1338,1339,True
f42a50ab_geometry_0136_01,geometry_0136,1,496694873,192.74506239673718,192.74506239673718,5,5,2.5,13.0,132.88859994000086,10.735697420077141,290.80715264279377,16.285795363920627,17.88477008521243,1328,1329,True
f42a50ab_geometry_0137_01,geometry_0137,1,816382125,227.94056794934394,227.940567949344,5,5,2.5,13.0,147.8893427949988,12.00106892807249,292.3108259225759,16.26445005775627,17.998903502726545,1477,1478,True
f42a50ab_geometry_0138_01,geometry_0138,1,1872852789,102.39166085470528,102.39166085470528,4,4,2.5,13.0,93.88852388000305,7.356429869856701,282.0322445550885,16.34768235975434,17.28905178658085,938,939,True
f42a50ab_geometry_0139_01,geometry_0139,1,846259450,163.18725577065368,163.18725577065368,2,2,2.5,13.0,112.88815366299968,8.934541337519729,284.8889416541561,16.319629682704768,17.48994644449494,1128,1129,True
f42a50ab_geometry_0140_01,geometry_0140,1,1418198351,158.1068255459981,158.1068255459981,4,4,2.5,13.0,116.88766042700081,9.34253779384653,287.70570550764387,16.31064236969699,17.670316095270337,1168,1169,True
f42a50ab_geometry_0141_01,geometry_0141,1,535261654,174.13590192560252,174.13590192560255,6,6,2.5,13.0,128.88857259200086,10.393120399198473,290.2623832364598,16.291661014660466,17.845639609840834,1288,1289,True
f42a50ab_geometry_0142_01,geometry_0142,1,1328367510,232.80337212699058,232.80337212699055,7,7,2.5,13.0,155.88908498399906,12.7024328794945,293.31921184950926,16.252408061293625,18.07344406498614,1558,1559,True
f42a50ab_geometry_0143_01,geometry_0143,1,1728296502,197.4042894205836,197.40428942058367,7,7,2.5,13.0,140.8914653310021,11.439059021715648,292.2563081202957,16.273378372192383,17.986316155671354,1408,1409,True
f42a50ab_geometry_0144_01,geometry_0144,1,546696950,189.2871745818682,189.28717458186821,7,7,2.5,13.0,137.88803303500026,11.18850937009961,292.08300768586906,16.27756494434957,17.971420882484505,1378,1379,True
f42a50ab_geometry_0145_01,geometry_0145,1,1628416575,147.27141340366532,147.27141340366532,3,3,2.5,13.0,109.88645690599878,8.667425751324132,283.91730179132054,16.324713242715656,17.426114238879972,1098,1099,True
f42a50ab_geometry_0146_01,geometry_0146,1,747441732,221.86568833144008,221.86568833144008,7,7,2.5,13.0,150.88880866699765,12.297376328872831,293.3758953586148,16.258864944387224,18.070032695134284,1508,1509,True
f42a50ab_geometry_0147_01,geometry_0147,1,1744079573,198.6341044671177,198.6341044671177,6,6,2.5,13.0,138.89441443100077,11.268356921489426,292.033472457586,16.27642767887651,17.96951003306692,1388,1389,True
f42a50ab_geometry_0148_01,geometry_0148,1,1305132983,224.03761625318953,224.03761625318953,6,6,2.5,13.0,148.88785718200234,12.094532393785087,292.60773987611606,16.262671491151217,18.01900495578765,1487,1488,True
f42a50ab_geometry_0149_01,geometry_0149,1,1384049914,126.26630662310043,126.26630662310043,4,4,2.5,13.0,104.88931530700211,8.236959199725437,282.6762984429542,16.3327109915967,17.343002475670286,1048,1049,True
f42a50ab_geometry_0150_01,geometry_0150,1,917840538,173.01432202055435,173.01432202055435,5,5,2.5,13.0,125.88812166299977,10.076664124047733,288.1307283846226,16.298373307946942,17.709022621221017,1258,1259,True
f42a50ab_geometry_0151_01,geometry_0151,1,728818981,189.42587384729532,189.4258738472953,6,6,2.5,13.0,134.88969186100076,10.904155300250329,290.99111916368736,16.282917755104332,17.899154506447008,1348,1349,True
f42a50ab_geometry_0152_01,geometry_0152,1,1439622619,174.10527864420877,174.10527864420877,7,7,2.5,13.0,132.89390130399988,10.690161523005159,289.5735027526175,16.28718814462356,17.808554907208148,1328,1329,True
f42a50ab_geometry_0153_01,geometry_0153,1,1008752943,210.94775432586627,210.9477543258663,2,2,2.5,13.0,131.88932493799803,10.61779099970062,289.7926157569605,16.288764240707387,17.819703904162015,1318,1319,True
f42a50ab_geometry_0154_01,geometry_0154,1,855256552,190.3502014292339,190.3502014292339,7,7,2.5,13.0,138.89396295900224,11.195000168247951,290.1381104214634,16.278823701489134,17.851713062091708,1388,1389,True
f42a50ab_geometry_0155_01,geometry_0155,1,1051590706,83.90806203629222,83.90806203629224,3,3,2.5,13.0,83.88703750700006,6.420809665666489,275.5028008646167,16.368845865752046,16.873193816567134,838,839,True
f42a50ab_geometry_0156_01,geometry_0156,1,312794864,193.3528767672816,193.3528767672816,5,5,2.5,13.0,133.88854628300032,10.774944335009426,289.69045898303455,16.285945521975027,17.816706051881674,1338,1339,True
f42a50ab_geometry_0157_01,geometry_0157,1,835092972,169.73292131972633,169.73292131972633,5,5,2.5,13.0,123.8869329040026,9.9469784013521,289.01481846772225,16.2998070751495,17.761185973425658,1238,1239,True
f42a50ab_geometry_0158_01,geometry_0158,1,2123333781,218.13750603531636,218.13750603531633,7,7,2.5,13.0,148.8989319550019,12.134594809605208,293.3624442768871,16.261552150974826,18.066386409133894,1488,1489,True
f42a50ab_geometry_0159_01,geometry_0159,1,23814791,149.27813274941266,149.2781327494127,5,5,2.5,13.0,115.88762192399736,9.231819566655524,286.74943098217034,16.313094829463875,17.61005132842722,1158,1159,True
f42a50ab_geometry_0160_01,geometry_0160,1,457788949,233.30114714028102,233.30114714028096,8,8,2.5,13.0,157.88859845499974,12.924365114415915,294.6643223009965,16.24790956643354,18.160449200784615,1578,1579,True
f42a50ab_geometry_0161_01,geometry_0161,1,755427535,212.40701730925124,212.40701730925124,8,8,2.5,13.0,151.889318988,12.325086206149352,292.1007052860834,16.259174605589937,17.99208648432686,1518,1519,True
f42a50ab_geometry_0162_01,geometry_0162,1,1995226582,237.9823700294179,237.98237002941784,8,8,2.5,13.0,160.88960306100125,13.115435199580666,293.44560127377423,16.245602364122238,18.088570137602563,1608,1609,True
f42a50ab_geometry_0163_01,geometry_0163,1,521231222,169.18492704534324,169.18492704534324,2,2,2.5,13.0,114.88879081699997,9.143078004208142,286.4643817172842,16.315012964193876,17.590234564758312,1148,1149,True
f42a50ab_geometry_0164_01,geometry_0164,1,1995627518,136.00069266684346,136.00069266684346,5,5,2.5,13.0,109.88879146199906,8.739353640347884,286.2716740946156,16.321608631040313,17.572328993723517,1098,1099,True
f42a50ab_geometry_0165_01,geometry_0165,1,1362784338,206.2414957816024,206.2414957816024,7,7,2.5,13.0,143.88916688699828,11.710850970466673,293.17531422921326,16.268347799860884,18.04765606759134,1437,1438,True
f42a50ab_geometry_0166_01,geometry_0166,1,1832837596,234.78844443890097,234.7884444389009,8,8,2.5,13.0,159.88812807799695,13.054526274413472,294.0926581611994,16.246280476805264,18.127333765031214,1597,1598,True
f42a50ab_geometry_0167_01,geometry_0167,1,1915184358,235.52902706189343,235.52902706189343,8,8,2.5,13.0,159.8892600379986,13.06853725006794,294.22355206177946,16.24593760864372,18.135709396856438,1598,1599,True
f42a50ab_geometry_0168_01,geometry_0168,1,2038711176,198.98487074553358,198.98487074553356,3,3,2.5,13.0,129.88888008600043,10.464498487930774,290.0068088023761,16.290960761195795,17.83045380270027,1298,1299,True
f42a50ab_geometry_0169_01,geometry_0169,1,1061886576,151.10298581580233,151.10298581580236,5,5,2.5,13.0,116.88905022699691,9.308795078419411,286.66608692784575,16.311892985073904,17.60605599228978,1168,1169,True
f42a50ab_geometry_0170_01,geometry_0170,1,2081328344,222.6077489652555,222.60774896525552,8,8,2.5,13.0,154.88908283199999,12.655386191513083,294.1191360882609,16.252657323286872,18.12209770261876,1548,1549,True
f42a50ab_geometry_0171_01,geometry_0171,1,1889238423,185.22570219465356,185.2257021946536,7,7,2.5,13.0,136.8881077469996,11.024821201453987,289.91205042093463,16.281616550888607,17.83503975079193,1368,1369,True
f42a50ab_geometry_0172_01,geometry_0172,1,1007142260,194.16717801776903,194.16717801776906,2,2,2.5,13.0,124.88888394199967,10.004155710012746,288.3473479375408,16.299642895774138,17.72043988717089,1248,1249,True
f42a50ab_geometry_0173_01,geometry_0173,1,346078411,144.36204527346922,144.36204527346922,4,4,2.5,13.0,110.88933316600014,8.836767297820948,286.8527999089494,16.319460671909013,17.609494638608265,1108,1109,True
f42a50ab_geometry_0174_01,geometry_0174,1,1645124051,104.13290528209386,104.13290528209386,3,3,2.5,13.0,91.88837285499903,7.128071947823367,279.52892653709347,16.353569423451145,17.131481064000614,917,918,True
f42a50ab_geometry_0175_01,geometry_0175,1,918920620,179.00197919355466,179.00197919355466,7,7,2.5,13.0,133.88949642599982,10.795574782613276,290.2443154115178,16.285074704079776,17.851597816992864,1338,1339,True
f42a50ab_geometry_0176_01,geometry_0176,1,1421124738,146.3788633437149,146.3788633437149,2,2,2.5,13.0,105.88933959800124,8.370543344054454,284.5476294999771,16.3291594259462,17.459678551528647,1058,1059,True
f42a50ab_geometry_0177_01,geometry_0177,1,267429212,188.72873312171046,188.72873312171046,6,6,2.5,13.0,133.88914829799978,10.831456643346394,291.20935002381947,16.2839455252,17.911388692296512,1338,1339,True
f42a50ab_geometry_0178_01,geometry_0178,1,1672790155,213.26258709447802,213.26258709447802,3,3,2.5,13.0,135.8872090900004,10.916011677805558,289.1631323454973,16.284224492649194,17.786210017839366,1358,1359,True
f42a50ab_geometry_0179_01,geometry_0179,1,83889094,220.0358118818028,220.03581188180283,8,8,2.5,13.0,152.89059053299934,12.476305155166994,293.74958473997395,16.255696664065454,18.096350149007268,1528,1529,True
f42a50ab_geometry_0180_01,geometry_0180,1,1633724084,234.27152029237553,234.2715202923755,8,8,2.5,13.0,158.8877721209974,13.00748246878408,294.69222637324657,16.246722602484134,18.163555295302142,1588,1589,True
f42a50ab_geometry_0181_01,geometry_0181,1,1510792572,120.70753003007917,120.70753003007917,5,5,2.5,13.0,103.8884763290007,8.237920610460938,285.4303295853315,16.33032323123172,17.512424960854364,1038,1039,True
f42a50ab_geometry_0182_01,geometry_0182,1,1799682701,204.50041800855155,204.50041800855158,4,4,2.5,13.0,134.88781109699994,10.865772639547332,289.9661899732165,16.284371433300475,17.834966223071113,1348,1349,True
f42a50ab_geometry_0183_01,geometry_0183,1,947206476,215.7615042218929,215.7615042218929,6,6,2.5,13.0,144.88807523799915,11.784124107369022,292.77103693914796,16.267572933431328,18.02374006204919,1448,1449,True
f42a50ab_geometry_0184_01,geometry_0184,1,1871901278,146.33059615457233,146.33059615457233,5,5,2.5,13.0,113.88902848199723,9.102728352368118,287.70390734445726,16.314480130980158,17.66643504963908,1138,1139,True
f42a50ab_geometry_0185_01,geometry_0185,1,1443665390,123.48297839360583,123.48297839360585,5,5,2.5,13.0,105.88915859599729,8.362850300487947,284.28680725612895,16.32917360408448,17.444399949448137,1058,1059,True
f42a50ab_geometry_0186_01,geometry_0186,1,1736526879,216.8982157220412,216.8982157220412,7,7,2.5,13.0,148.88835608500085,12.123388259430392,293.1086686794664,16.26184093944173,18.050577122660552,1488,1489,True
f42a50ab_geometry_0187_01,geometry_0187,1,2007425404,179.88322064665263,179.88322064665266,7,7,2.5,13.0,133.88874395099992,10.836218558950911,291.33731871545564,16.283667706125613,17.91964114139648,1338,1339,True
f42a50ab_geometry_0188_01,geometry_0188,1,115820025,236.9155164030277,236.91551640302774,3,3,2.5,13.0,144.8882091609994,11.72282453697962,291.4483951433169,16.269728672438564,17.94061419845286,1447,1448,True
f42a50ab_geometry_0189_01,geometry_0189,1,116402431,191.0271330753493,191.02713307534927,5,5,2.5,13.0,132.88903124199715,10.738393314846336,290.8791059727585,16.28569982426789,17.889269687964156,1328,1329,True
f42a50ab_geometry_0190_01,geometry_0190,1,582824840,182.8399436814937,182.83994368149368,2,2,2.5,13.0,120.8897512179974,9.613635697715443,286.2591448732512,16.307523492350867,17.585483433017806,1208,1209,True
f42a50ab_geometry_0191_01,geometry_0191,1,215970859,214.16152531447256,214.16152531447258,8,8,2.5,13.0,150.88864033799837,12.3186099711074,293.8815238162946,16.258221473971922,18.101735798655618,1508,1509,True
f42a50ab_geometry_0192_01,geometry_0192,1,909074012,150.5909564430921,150.59095644309207,4,4,2.5,13.0,113.889109912001,9.058405304451028,286.3034752353861,16.316328289845828,17.579437687868765,1138,1139,True
f42a50ab_geometry_0193_01,geometry_0193,1,1628334692,159.22149658575702,159.22149658575702,5,5,2.5,13.0,119.88947022199864,9.608489997032686,288.4919471960538,16.305644656540057,17.723402382776428,1198,1199,True
f42a50ab_geometry_0194_01,geometry_0194,1,1810607153,204.289414591889,204.289414591889,4,4,2.5,13.0,134.88862045899805,10.846952718325618,289.46441514931985,16.285077893177256,17.803809851667587,1348,1349,True
f42a50ab_geometry_0195_01,geometry_0195,1,2019952485,216.22717174734544,216.22717174734544,4,4,2.5,13.0,227.88850162800009,17.65491177941508,278.88120193126446,16.321460200799773,17.12955202388987,2278,2279,True
f42a50ab_geometry_0196_01,geometry_0196,1,223705953,199.8438817732561,199.84388177325607,2,2,2.5,13.0,216.88908549700136,16.67859268819769,276.820021441229,16.33421011661373,16.991438101231708,2168,2169,True
f42a50ab_geometry_0197_01,geometry_0197,1,294713656,128.28799186364375,128.28799186364375,4,4,2.5,13.0,104.88833044099738,8.268488438533835,283.75824323980015,16.33126774143332,17.41001868190455,1048,1049,True
f42a50ab_geometry_0198_01,geometry_0198,1,172907376,237.9497089332657,237.94970893326573,8,8,2.5,13.0,160.88856000099986,13.17944631161675,294.8765951342255,16.243824872857967,18.177880239526516,1608,1609,True
f42a50ab_geometry_0199_01,geometry_0199,1,1062073697,193.4894399462742,193.48943994627416,8,8,2.5,13.0,142.8893756360012,11.62984419931441,292.98197348022353,16.26979643285817,18.034534191979947,1428,1429,True
f42a50ab_geometry_0200_01,geometry_0200,1,654477195,214.2766154055357,214.27661540553567,3,3,2.5,13.0,134.8891476509998,10.910554200634152,291.1612132492015,16.28295483458387,17.909184166508485,1348,1349,True
f42a50ab_geometry_0001_02,geometry_0001,2,1181241943,176.01583690792899,176.01583690792893,7,7,2.5,13.0,133.8883220710013,10.78385049016546,289.9289910436736,16.2855116307869,17.831956258988185,1338,1339,True
f42a50ab_geometry_0002_02,geometry_0002,2,440213415,115.71371810381164,115.71371810381166,3,3,2.5,13.0,95.88955913000245,7.4992516804115885,281.805350484157,16.34558220745875,17.277202106211217,957,958,True
f42a50ab_geometry_0003_02,geometry_0003,2,373399426,221.32807761607268,221.32807761607268,7,7,2.5,13.0,150.88889816400115,12.280902534164877,292.9816640356989,16.25940767292,18.045387241024105,1508,1509,True
f42a50ab_geometry_0004_02,geometry_0004,2,127978094,184.50449468978596,184.50449468978593,6,6,2.5,13.0,132.88896451099936,10.72787892724505,290.5948015028356,16.28604443006896,17.87184303912332,1328,1329,True
f42a50ab_geometry_0005_02,geometry_0005,2,113971123,114.98207596857654,114.98207596857652,2,2,2.5,13.0,93.88851358100146,7.279026652515856,279.06477694960705,16.35160992574641,17.105164664645734,938,939,True
f42a50ab_geometry_0006_02,geometry_0006,2,1801823908,163.08841446591825,163.08841446591822,6,6,2.5,13.0,124.8888275749996,9.987699337498642,287.87319741169665,16.2999134873084,17.69193712771058,1248,1249,True
f42a50ab_geometry_0007_02,geometry_0007,2,1194819984,151.87344740541658,151.87344740541656,3,3,2.5,13.0,110.88838500399652,8.79477649018696,285.4904126030125,16.32132087858869,17.524877851313303,1108,1109,True
f42a50ab_geometry_0008_02,geometry_0008,2,685731524,233.72641539806082,233.72641539806085,8,8,2.5,13.0,158.88872811300098,12.99541975987193,294.41891503210684,16.246939742542647,18.146513145283343,1588,1589,True
f42a50ab_geometry_0009_02,geometry_0009,2,1193448329,198.42823666705218,198.4282366670522,7,7,2.5,13.0,141.888768255998,11.459968381315715,290.7372570096385,16.27395283092152,17.893276525113976,1418,1419,True
f42a50ab_geometry_0010_02,geometry_0010,2,1445662585,114.4502019372142,114.4502019372142,3,3,2.5,13.0,95.88842709299934,7.456486960120174,279.90579697363023,16.347833945679092,17.159916165652874,958,959,True
f42a50ab_geometry_0011_02,geometry_0011,2,415393687,94.83933494082366,94.83933494082365,2,2,2.5,13.0,85.88807733800058,6.608573958892168,276.95624267846193,16.364578189339156,16.96495884152973,858,859,True
f42a50ab_geometry_0012_02,geometry_0012,2,1136108454,218.03918875403423,218.0391887540342,4,4,2.5,13.0,139.88859914599743,11.315345903684582,291.3795836164523,16.27617959334956,17.929620446346817,1397,1398,True
f42a50ab_geometry_0013_02,geometry_0013,2,1973214822,194.08562126030867,194.08562126030867,8,8,2.5,13.0,142.88949529000092,11.613461883330187,292.568658225148,16.270400356295394,18.008656005537368,1428,1429,True
f42a50ab_geometry_0014_02,geometry_0014,2,1625792787,155.9833116339081,155.9833116339081,6,6,2.5,13.0,121.88847340999928,9.739228557520017,287.62004555179544,16.30409675235138,17.6722719607916,1218,1219,True
f42a50ab_geometry_0015_02,geometry_0015,2,1553210608,168.32650100371632,168.32650100371632,2,2,2.5,13.0,114.88849141099854,9.110422110282386,285.4410736012574,16.31628361196493,17.526875138354104,1148,1149,True
f42a50ab_geometry_0016_02,geometry_0016,2,298737106,162.45970466463936,162.45970466463936,6,6,2.5,13.0,123.88749171699965,9.966733053794997,289.5880299920111,16.2990112751121,17.79702135802061,1238,1239,True
f42a50ab_geometry_0017_02,geometry_0017,2,1242911821,185.80213097083362,185.80213097083362,2,2,2.5,13.0,120.8893695859988,9.670124240602858,287.94185996101436,16.305375495954817,17.689875467539427,1208,1209,True
f42a50ab_geometry_0018_02,geometry_0018,2,433797840,216.8508353624235,216.8508353624235,2,2,2.5,13.0,134.88896479599862,10.825077516683331,288.88051495625007,16.28595705223225,17.767064097851758,1348,1349,True
f42a50ab_geometry_0019_02,geometry_0019,2,1566942273,153.35683237321106,153.35683237321103,5,5,2.5,13.0,117.88772435200008,9.379394889249479,286.39082090017325,16.3109812926599,17.590330356455535,1178,1179,True
f42a50ab_geometry_0020_02,geometry_0020,2,899825838,139.22895473870122,139.22895473870125,3,3,2.5,13.0,105.88825085499775,8.359604056500137,284.1757674255345,16.329502224584477,17.436855154310734,1058,1059,True
f42a50ab_geometry_0021_02,geometry_0021,2,306671447,187.22240318753617,187.22240318753617,7,7,2.5,13.0,136.88883423399966,11.08702353180871,291.5479730210119,16.279512112814636,17.93685861560737,1368,1369,True
f42a50ab_geometry_0022_02,geometry_0022,2,1051454923,204.95791566691778,204.9579156669178,6,6,2.5,13.0,141.88765551899996,11.459864230192997,290.7346479936934,16.274051507650082,17.892825573677534,1418,1419,True
f42a50ab_geometry_0023_02,geometry_0023,2,1159417075,153.9616338961785,153.9616338961785,3,3,2.5,13.0,111.8881968070018,8.843370584233117,284.50290335497635,16.321344820487916,17.46495935606826,1118,1119,True
f42a50ab_geometry_0024_02,geometry_0024,2,943239974,217.54766100719854,217.54766100719849,7,7,2.5,13.0,149.88737183400008,12.175294082152782,292.40003041271075,16.261423093148117,18.007731368073113,1498,1499,True
f42a50ab_geometry_0025_02,geometry_0025,2,240251661,191.34835687790317,191.3483568779032,7,7,2.5,13.0,138.88959844400233,11.26396909437658,292.146464183131,16.276191671574836,17.976707085832867,1387,1388,True
f42a50ab_geometry_0026_02,geometry_0026,2,1354860540,211.48841504108933,211.48841504108935,3,3,2.5,13.0,133.8869599589998,10.814921411495423,290.7648441474506,16.284754336458967,17.88311380650389,1338,1339,True
f42a50ab_geometry_0027_02,geometry_0027,2,906164396,152.12890511708434,152.12890511708437,5,5,2.5,13.0,117.88885016300264,9.370914890986738,286.13184977638076,16.311306091968643,17.57441008992752,1178,1179,True
f42a50ab_geometry_0028_02,geometry_0028,2,1351531223,228.1312921413762,228.1312921413762,6,6,2.5,13.0,150.88816082799895,12.241615243989559,292.0439854824043,16.26065882789607,17.986752412956506,1508,1509,True
f42a50ab_geometry_0029_02,geometry_0029,2,1699226064,184.8701864471808,184.8701864471808,3,3,2.5,13.0,123.88828353099962,9.933061592544808,288.84182246004127,16.30037316983274,17.749870329661977,1237,1238,True
f42a50ab_geometry_0030_02,geometry_0030,2,1137651678,201.03733338629272,201.03733338629274,7,7,2.5,13.0,142.88802645300166,11.614356653194637,292.5915321455948,16.27038073823367,18.009929558539866,1428,1429,True
f42a50ab_geometry_0031_02,geometry_0031,2,1128466620,119.46040123103735,119.46040123103737,3,3,2.5,13.0,97.88786590200107,7.701958986599694,283.21479126140446,16.341099856944567,17.36698630759616,978,979,True
f42a50ab_geometry_0032_02,geometry_0032,2,1715412119,210.09019129609493,210.09019129609493,7,7,2.5,13.0,146.8883846159988,11.894976062197989,291.5016031165236,16.266543337079924,17.947582978281016,1468,1469,True
f42a50ab_geometry_0033_02,geometry_0033,2,594130308,127.5821893186488,127.58218931864879,4,4,2.5,13.0,104.88871248800206,8.267089401559035,283.709802757956,16.331265803174364,17.407063471286552,1048,1049,True
f42a50ab_geometry_0034_02,geometry_0034,2,202363285,191.37752014940457,191.3775201494046,6,6,2.5,13.0,135.88885936700171,10.968314575161845,290.5489030830149,16.282147217358272,17.873053289927963,1358,1359,True
f42a50ab_geometry_0035_02,geometry_0035,2,687117441,197.26315825683164,197.26315825683162,8,8,2.5,13.0,143.8886700889998,11.705367258918033,292.8352885992176,16.26873877779157,18.026691675973154,1438,1439,True
f42a50ab_geometry_0036_02,geometry_0036,2,272849424,224.6630982478237,224.66309824782365,8,8,2.5,13.0,154.88961019099952,12.659721221435136,294.4093682611585,16.25233474504732,18.140186950371863,1547,1548,True
f42a50ab_geometry_0037_02,geometry_0037,2,2010258946,165.7943143807844,165.79431438078439,5,5,2.5,13.0,122.88803437599563,9.815815700193982,287.7571542605605,16.302788226534567,17.681685238124057,1227,1228,True
f42a50ab_geometry_0038_02,geometry_0038,2,49310608,168.13575551825406,168.1357555182541,6,6,2.5,13.0,125.88966421300574,10.134351933855815,289.7797941840187,16.296272417209373,17.811611975498078,1258,1259,True
f42a50ab_geometry_0039_02,geometry_0039,2,1146005448,219.89197099393402,219.89197099393408,7,7,2.5,13.0,150.889912370003,12.23657414917485,291.92410667929573,16.260893419138085,17.979409786621375,1508,1509,True
f42a50ab_geometry_0040_02,geometry_0040,2,479112937,222.7661663318308,222.7661663318308,8,8,2.5,13.0,154.88810421199742,12.602977518160198,292.9011157649449,16.25433260952757,18.0460486418662,1548,1549,True
f42a50ab_geometry_0041_02,geometry_0041,2,1948728483,158.6061960963511,158.6061960963511,4,4,2.5,13.0,116.88924616700388,9.350333958381594,287.94558361570597,16.31041741187599,17.685200605624324,1168,1169,True
f42a50ab_geometry_0042_02,geometry_0042,2,1131247330,232.61054840337283,232.6105484033728,2,2,2.5,13.0,139.8878143519978,11.330951303824357,291.7817820332309,16.27586987021996,17.95426285257816,1397,1398,True
f42a50ab_geometry_0043_02,geometry_0043,2,457031004,217.14837110899822,217.14837110899822,6,6,2.5,13.0,145.88917886800482,11.869548272851112,292.87235139491116,16.26609946833317,18.031569166689845,1458,1459,True
f42a50ab_geometry_0044_02,geometry_0044,2,854316681,222.01440929118803,222.01440929118806,8,8,2.5,13.0,154.88940951100085,12.592419898975633,292.65587427945366,16.254557911852547,18.03084528344227,1548,1549,True
f42a50ab_geometry_0045_02,geometry_0045,2,693847829,139.82621641458366,139.82621641458363,3,3,2.5,13.0,105.8893100589994,8.3652629963977,284.36867567577167,16.329290656575175,17.448828704570744,1058,1059,True
f42a50ab_geometry_0046_02,geometry_0046,2,2456273,235.53597577473627,235.5359757747363,6,6,2.5,13.0,152.88748012299766,12.477616476272129,293.78091120162014,16.255881744245052,18.097860916367225,1528,1529,True
f42a50ab_geometry_0047_02,geometry_0047,2,83651970,175.1189814724486,175.1189814724486,6,6,2.5,13.0,128.88791920399672,10.39691265295821,290.3692073140931,16.29157880926613,17.85224939487106,1288,1289,True
f42a50ab_geometry_0048_02,geometry_0048,2,1320763135,228.65577860233873,228.65577860233873,2,2,2.5,13.0,138.88827519399638,11.17327646327786,289.5856196376477,16.27987622837097,17.816356644804117,1388,1389,True
f42a50ab_geometry_0049_02,geometry_0049,2,338258951,89.26802663907,89.26802663907,3,3,2.5,13.0,85.8885424320033,6.644670907887515,278.468861574882,16.36252347748549,17.058591045057607,858,859,True
f42a50ab_geometry_0050_02,geometry_0050,2,297265480,197.10521517514044,197.10521517514044,2,2,2.5,13.0,126.88969296900177,10.132519792075405,287.44489257910175,16.298194632744394,17.667131165405067,1268,1269,True
f42a50ab_geometry_0051_02,geometry_0051,2,540137296,217.56989613741675,217.56989613741672,8,8,2.5,13.0,152.8875983589969,12.420237736718157,292.4297645913652,16.257425222153596,18.013923715982777,1528,1529,True
f42a50ab_geometry_0052_02,geometry_0052,2,709214891,185.5601316395788,185.56013163957883,3,3,2.5,13.0,123.88769001500623,9.911705939184449,287.98935970412754,16.30132360820139,17.697077842436798,1238,1239,True
f42a50ab_geometry_0053_02,geometry_0053,2,1817363615,171.98502538822856,171.9850253882286,4,4,2.5,13.0,121.88874297200528,9.773546853624508,288.6336254231475,16.302994228172146,17.734585289336845,1218,1219,True
f42a50ab_geometry_0054_02,geometry_0054,2,863937247,228.6261588803483,228.62615888034833,3,3,2.5,13.0,141.88786756999616,11.433460812191294,290.06474485594003,16.27521008954576,17.850485807593184,1418,1419,True
f42a50ab_geometry_0055_02,geometry_0055,2,1603828849,190.44357297366443,190.4435729736644,7,7,2.5,13.0,138.8895737040002,11.227555768730713,290.9928047723365,16.277654463820873,17.905003192331012,1388,1389,True
f42a50ab_geometry_0056_02,geometry_0056,2,1939118223,227.95369015715346,227.95369015715346,5,5,2.5,13.0,146.88891473300464,11.911345783472997,291.90281421198875,16.266156652981607,17.972184733925747,1468,1469,True
f42a50ab_geometry_0057_02,geometry_0057,2,274989148,119.66489818656127,119.66489818656127,2,2,2.5,13.0,96.88886682200246,7.574525594013936,281.40342232839964,16.34474174255434,17.25348767785834,968,969,True
f42a50ab_geometry_0058_02,geometry_0058,2,988335251,99.02893344101648,99.02893344101648,4,4,2.5,13.0,92.88939008400484,7.273612704516883,281.8587183883444,16.34915143681291,17.277050174147178,928,929,True
f42a50ab_geometry_0059_02,geometry_0059,2,304912982,165.1408689073497,165.1408689073497,6,6,2.5,13.0,124.88925087299867,10.058071936450318,289.90178102187514,16.297325835216512,17.817797836008744,1248,1249,True
f42a50ab_geometry_0060_02,geometry_0060,2,983297492,213.43941292344712,213.43941292344715,7,7,2.5,13.0,236.88773185299942,18.500965307047736,281.1428836266104,16.31010675732221,17.279539481009824,2368,2369,True
f42a50ab_geometry_0061_02,geometry_0061,2,1419179580,224.86720208098046,224.86720208098043,2,2,2.5,13.0,136.88885435399425,11.072802994627194,291.1739860473764,16.280489444384354,17.912453888701187,1368,1369,True
f42a50ab_geometry_0062_02,geometry_0062,2,1196050747,162.26497916937427,162.2649791693743,2,2,2.5,13.0,112.88855355499982,8.919465124853033,284.65991949267607,16.320037148522992,17.47564671959411,1127,1128,True
f42a50ab_geometry_0063_02,geometry_0063,2,568275055,202.94984393883533,202.94984393883536,7,7,2.5,13.0,143.88886024800013,11.680341958369501,292.20943851071326,16.269548376373653,17.987581231093515,1438,1439,True
f42a50ab_geometry_0064_02,geometry_0064,2,2030106617,235.3570253218083,235.35702532180832,7,7,2.5,13.0,156.88789336900663,12.804565989382949,293.9804889088504,16.250408918273692,18.116000857047396,1567,1568,True
f42a50ab_geometry_0065_02,geometry_0065,2,1748309234,205.53910788652053,205.53910788652053,3,3,2.5,13.0,131.88858843699563,10.624839598133248,289.986156378655,16.288353337945136,17.831917676665142,1318,1319,True
f42a50ab_geometry_0066_02,geometry_0066,2,1851350739,95.09212743870116,95.09212743870114,3,3,2.5,13.0,87.8886579070022,6.843381033725133,280.27159655241957,16.35771524431491,17.172377279856846,878,879,True
f42a50ab_geometry_0067_02,geometry_0067,2,2005855667,156.9953217148686,156.99532171486862,4,4,2.5,13.0,116.88852476899774,9.285633119114191,285.95360784228,16.31299222158101,17.561744661270374,1168,1169,True
f42a50ab_geometry_0068_02,geometry_0068,2,422701550,226.99564077407283,226.99564077407285,8,8,2.5,13.0,156.8896577830019,12.767145130789922,292.9341768872045,16.25157755358801,18.05091737061644,1568,1569,True
f42a50ab_geometry_0069_02,geometry_0069,2,1457293575,144.419405136363,144.419405136363,2,2,2.5,13.0,104.88900881099835,8.270909454260488,283.8411480837773,16.331261983022337,17.41461350586979,1048,1049,True
f42a50ab_geometry_0070_02,geometry_0070,2,1067970820,233.36028174493396,233.36028174493396,8,8,2.5,13.0,159.89369907500077,13.016186530059423,293.0453504720943,16.247449185417324,18.062144660885405,1598,1599,True
f42a50ab_geometry_0071_02,geometry_0071,2,1926780541,110.43342535052984,110.43342535052983,3,3,2.5,13.0,92.88815177299693,7.25495664925253,281.4386871730363,16.349887636201135,17.250775427601685,927,928,True
f42a50ab_geometry_0072_02,geometry_0072,2,1196342297,147.50106237350468,147.50106237350468,3,3,2.5,13.0,108.88965070400445,8.617662764408427,284.87829637861046,16.324719788942783,17.484269574619795,1088,1089,True
f42a50ab_geometry_0073_02,geometry_0073,2,323775634,149.97677374585206,149.97677374585206,5,5,2.5,13.0,113.88907681599812,9.035164216976408,285.56871634104624,16.317198330525038,17.534108449588018,1138,1139,True
f42a50ab_geometry_0074_02,geometry_0074,2,420514789,216.96266936780432,216.96266936780432,5,5,2.5,13.0,143.8887004989956,11.61883500617378,290.67023934496746,16.271656779964573,17.891257397245415,1438,1439,True
f42a50ab_geometry_0075_02,geometry_0075,2,63384488,184.34318303976352,184.34318303976352,2,2,2.5,13.0,120.88962997699855,9.670896403488973,287.9642764093099,16.30538459727348,17.691248551048062,1208,1209,True
f42a50ab_geometry_0076_02,geometry_0076,2,1015242176,228.21871728130043,228.21871728130043,2,2,2.5,13.0,138.8877825879972,11.182099884572375,290.0232288242893,16.279385525486312,17.843522633224598,1387,1388,True
f42a50ab_geometry_0077_02,geometry_0077,2,2067418686,145.02624927239552,145.0262492723955,3,3,2.5,13.0,108.88892531199963,8.654367717726927,286.09159826028736,16.32326616334521,17.559466997902117,1088,1089,True
f42a50ab_geometry_0078_02,geometry_0078,2,251837136,218.34406304483448,218.3440630448345,3,3,2.5,13.0,137.88952541800245,11.084100973222679,289.35742222669825,16.281394504826512,17.80100753184535,1378,1379,True
f42a50ab_geometry_0079_02,geometry_0079,2,1676848676,140.63569903630656,140.63569903630656,3,3,2.5,13.0,105.88881035699887,8.394621125664852,285.3656962010609,16.32801966356488,17.510500062439974,1058,1059,True
f42a50ab_geometry_0080_02,geometry_0080,2,1954246074,229.418602592544,229.41860259254398,4,4,2.5,13.0,143.88862303199858,11.615849270279556,290.5956759423885,16.271847904515482,17.8865387778913,1438,1439,True
f42a50ab_geometry_0081_02,geometry_0081,2,2090237817,156.91307798258345,156.91307798258345,4,4,2.5,13.0,115.88919829700171,9.257880178429039,287.55900323903575,16.312157816059944,17.6599219068692,1158,1159,True
f42a50ab_geometry_0082_02,geometry_0082,2,935018220,110.38365876282194,110.38365876282194,3,3,2.5,13.0,100.88963417999912,7.948124222911251,283.57724805275285,16.336589469191342,17.39369636582076,1008,1009,True
f42a50ab_geometry_0083_02,geometry_0083,2,261810763,172.668846530601,172.668846530601,2,2,2.5,13.0,115.8881311879959,9.231987852175163,286.75457764800393,16.313341601538802,17.609611325544513,1158,1159,True
f42a50ab_geometry_0084_02,geometry_0084,2,215359682,190.5795463034205,190.57954630342053,7,7,2.5,13.0,138.88807697500306,11.257279812877345,291.97310296619895,16.27648205028831,17.96587856040371,1387,1388,True
f42a50ab_geometry_0085_02,geometry_0085,2,676168421,189.77169764245775,189.77169764245778,6,6,2.5,13.0,134.887913948005,10.859650736916956,290.0173395749545,16.28429378600078,17.838478808948985,1347,1348,True
f42a50ab_geometry_0086_02,geometry_0086,2,344076115,233.72462452391207,233.7246245239121,2,2,2.5,13.0,140.88802386000316,11.394169427643948,291.32565215035004,16.275111575018276,17.92729359957792,1407,1408,True
f42a50ab_geometry_0087_02,geometry_0087,2,291889680,200.91959812707472,200.91959812707472,8,8,2.5,13.0,146.8883227460028,11.905037201229284,291.94656966113934,16.265991236923178,17.97551730140658,1467,1468,True
f42a50ab_geometry_0088_02,geometry_0088,2,1734202799,230.05098254184932,230.0509825418493,7,7,2.5,13.0,153.88823657800094,12.558074765165552,293.9452608220434,16.25437009908133,18.10954441650927,1537,1538,True
f42a50ab_geometry_0089_02,geometry_0089,2,1057486868,230.6553803566543,230.6553803566543,2,2,2.5,13.0,139.8889687980045,11.280576321895808,290.2771261795222,16.27771271220951,17.86076439624976,1398,1399,True
f42a50ab_geometry_0090_02,geometry_0090,2,352116052,201.07383873921037,201.07383873921034,6,6,2.5,13.0,138.88840345900098,11.211512819440777,290.5769576222038,16.27818367273538,17.878919697300276,1388,1389,True
f42a50ab_geometry_0091_02,geometry_0091,2,1358798143,198.88477973670268,198.88477973670268,5,5,2.5,13.0,225.88885796899558,17.468120247014028,278.373212564654,16.324008764340423,17.09639179280614,2258,2259,True
f42a50ab_geometry_0092_02,geometry_0092,2,1349409434,125.41332471698925,125.41332471698925,4,4,2.5,13.0,103.88870337299886,8.188228290029876,283.70875329322143,16.33262250971863,17.40567811554131,1038,1039,True
f42a50ab_geometry_0093_02,geometry_0093,2,562117925,122.4983220050166,122.4983220050166,3,3,2.5,13.0,98.88945278699975,7.769605773202613,282.81287467073685,16.34031530675319,17.343498069819354,988,989,True
f42a50ab_geometry_0094_02,geometry_0094,2,1963764597,214.47605679631076,214.47605679631076,7,7,2.5,13.0,148.8881821620016,12.061493250441465,291.61271909469576,16.26377713784345,17.957279601939337,1488,1489,True
f42a50ab_geometry_0095_02,geometry_0095,2,311570307,229.77863976559405,229.77863976559405,4,4,2.5,13.0,144.88755515500088,11.733313099822205,291.50898215244194,16.2693831178548,17.944720047966335,1448,1449,True
f42a50ab_geometry_0096_02,geometry_0096,2,429416213,153.32568361897378,153.32568361897378,2,2,2.5,13.0,107.88861024200014,8.555824000553343,285.4554974066094,16.325385393314168,17.518451889816316,1078,1079,True
f42a50ab_geometry_0097_02,geometry_0097,2,1139027119,166.0215046562604,166.0215046562604,2,2,2.5,13.0,113.88846697699773,9.010491967541103,284.7884999584567,16.318462582823475,17.48505668270159,1138,1139,True
f42a50ab_geometry_0098_02,geometry_0098,2,295456419,229.32150047899344,229.3215004789935,3,3,2.5,13.0,141.8894600650019,11.447965567236954,290.4321161114404,16.274794295608704,17.873325864915028,1418,1419,True
f42a50ab_geometry_0099_02,geometry_0099,2,677517496,139.12433419822145,139.12433419822145,3,3,2.5,13.0,105.88855646900629,8.389747156571353,285.20033113796734,16.328187737181235,17.50025452606598,1058,1059,True
f42a50ab_geometry_0100_02,geometry_0100,2,1299301222,220.04939455677686,220.04939455677686,5,5,2.5,13.0,144.88970159800374,11.704711695990186,290.79823781631916,16.270198841766295,17.900593125132175,1448,1449,True
f42a50ab_geometry_0101_02,geometry_0101,2,33599984,238.44991778414231,238.44991778414231,6,6,2.5,13.0,152.8872399489992,12.482525834234732,293.8963631938362,16.255662618703198,18.105127117772597,1528,1529,True
f42a50ab_geometry_0102_02,geometry_0102,2,1285821930,226.83149772831325,226.83149772831325,7,7,2.5,13.0,156.8888468869991,12.795297271899893,293.7672882382661,16.250819033505966,18.102627105884995,1567,1568,True
f42a50ab_geometry_0103_02,geometry_0103,2,576775951,175.45822813811122,175.45822813811122,7,7,2.5,13.0,138.88844328300183,11.233775503291502,291.153640781497,16.277270007425283,17.915240719783018,1388,1389,True
f42a50ab_geometry_0104_02,geometry_0104,2,459716009,112.62172854035072,112.62172854035072,4,4,2.5,13.0,98.8891296139991,7.723438847121017,281.1329221157075,16.342310225638148,17.23994904385147,988,989,True
f42a50ab_geometry_0105_02,geometry_0105,2,1169726681,207.83210214370675,207.83210214370672,7,7,2.5,13.0,145.89002604900452,11.856298868193072,292.54538352684284,16.266494294729355,18.011267536338305,1458,1459,True
f42a50ab_geometry_0106_02,geometry_0106,2,1472659626,183.09549509235225,183.09549509235222,4,4,2.5,13.0,126.88890360799996,10.140578358971025,287.6733344456774,16.29772971613939,17.68170956481128,1268,1269,True
f42a50ab_geometry_0107_02,geometry_0107,2,1133802214,189.9995406082129,189.9995406082129,3,3,2.5,13.0,125.88905221700406,10.069925678997318,287.93775458714924,16.298803009808868,17.696608042147684,1258,1259,True
f42a50ab_geometry_0108_02,geometry_0108,2,218179599,190.89905780634015,190.89905780634012,6,6,2.5,13.0,134.8882415259941,10.914760349062465,291.4890774921104,16.282384310702543,17.929992151184102,1347,1348,True
f42a50ab_geometry_0109_02,geometry_0109,2,1188332531,181.48551156947107,181.48551156947107,2,2,2.5,13.0,119.88922053200076,9.562511701017591,287.11159303298854,16.30767884942469,17.63704709500522,1198,1199,True
f42a50ab_geometry_0110_02,geometry_0110,2,561866144,80.56731025404517,80.56731025404517,2,2,2.5,13.0,79.88729042100022,6.084680507675912,274.4918638481937,16.375482007076865,16.805500833266287,797,798,True
f42a50ab_geometry_0111_02,geometry_0111,2,693989311,238.5454526756762,238.54545267567616,7,7,2.5,13.0,159.8888961279954,13.028338199045704,293.3186484909307,16.247149590927037,18.07904272700769,1598,1599,True
f42a50ab_geometry_0112_02,geometry_0112,2,1836901321,199.81215685398124,199.81215685398126,7,7,2.5,13.0,139.88862989400513,11.336942608483678,291.72783808067055,16.275337434650066,17.95212969560445,1398,1399,True
f42a50ab_geometry_0113_02,geometry_0113,2,323169889,144.92829116240063,144.92829116240063,6,6,2.5,13.0,135.89052575299866,10.937897565107429,289.7432365183507,16.283226717737687,17.823090075212992,1358,1359,True
f42a50ab_geometry_0114_02,geometry_0114,2,154739678,233.0828571523123,233.08285715231227,7,7,2.5,13.0,156.88838544699684,12.751217564230076,292.5688601467544,16.252121859101294,18.02799195465985,1568,1569,True
f42a50ab_geometry_0115_02,geometry_0115,2,636057975,209.7223672565852,209.7223672565852,8,8,2.5,13.0,148.88944571900356,12.087838533100381,292.24912844242164,16.26290875877447,17.997165449398967,1488,1489,True
f42a50ab_geometry_0116_02,geometry_0116,2,1323959527,135.29346231385665,135.29346231385665,5,5,2.5,13.0,109.88845466899511,8.74650963938055,286.50668938318796,16.321144536151138,17.586978691988527,1098,1099,True
f42a50ab_geometry_0117_02,geometry_0117,2,171347175,225.45333437893296,225.45333437893296,4,4,2.5,13.0,143.8885193860042,11.625477656845057,290.83674383777003,16.271531039430833,17.90149362160047,1438,1439,True
f42a50ab_geometry_0118_02,geometry_0118,2,1071722055,126.25102152092458,126.25102152092458,4,4,2.5,13.0,102.88959656700172,8.136138568382826,284.6434786989476,16.332694677384417,17.46222505230453,1028,1029,True
f42a50ab_geometry_0119_02,geometry_0119,2,1745377599,175.40114076036858,175.40114076036855,7,7,2.5,13.0,132.88884432300256,10.69668986537234,289.749882225269,16.287002983983072,17.81952555061082,1328,1329,True
f42a50ab_geometry_0120_02,geometry_0120,2,1016779084,215.94985066977978,215.94985066977983,6,6,2.5,13.0,145.88950609199674,11.840554731482884,292.1561253194511,16.267080279553564,17.986846726474553,1458,1459,True
f42a50ab_geometry_0121_02,geometry_0121,2,760434128,199.80008482082104,199.80008482082098,8,8,2.5,13.0,145.888611538001,11.825490106334644,291.7849967777467,16.267349657577714,17.964153140900763,1458,1459,True
f42a50ab_geometry_0122_02,geometry_0122,2,1426725702,122.97436342778265,122.97436342778263,5,5,2.5,13.0,114.88915765600541,9.19113062640628,287.9698666281045,16.31275102301615,17.684664470920936,1148,1149,True
f42a50ab_geometry_0123_02,geometry_0123,2,1065870178,236.67916253031962,236.67916253031967,8,8,2.5,13.0,160.88845600499917,13.111360484619349,293.3535663077135,16.24568565800147,18.082802575273757,1608,1609,True
f42a50ab_geometry_0124_02,geometry_0124,2,464267175,118.9244893892253,118.92448938922531,4,4,2.5,13.0,97.88923405400419,7.685878885900365,282.62353491504757,16.34171069362434,17.330786063239756,978,979,True
f42a50ab_geometry_0125_02,geometry_0125,2,2021598245,224.66001394873075,224.66001394873075,5,5,2.5,13.0,145.88857756200014,11.85555560253254,292.5265225622874,16.26672186142292,18.00963631106861,1458,1459,True
f42a50ab_geometry_0126_02,geometry_0126,2,1976987348,111.9316528041203,111.93165280412029,3,3,2.5,13.0,94.88713327900041,7.37663570572661,279.82709159250453,16.349223109768868,17.15385628904602,948,949,True
f42a50ab_geometry_0127_02,geometry_0127,2,977515194,139.94748489675848,139.94748489675848,4,4,2.5,13.0,109.88826558399887,8.687241457960488,284.56566226653626,16.323740562598633,17.466487302108447,1098,1099,True
f42a50ab_geometry_0128_02,geometry_0128,2,829486135,83.78630955223224,83.78630955223224,3,3,2.5,13.0,83.88893141599692,6.487844903691079,278.37788426842326,16.365224847350273,17.050512111136364,838,839,True
f42a50ab_geometry_0129_02,geometry_0129,2,298159856,159.39143414372478,159.39143414372478,5,5,2.5,13.0,120.88860131299589,9.634183021292415,286.8717295816854,16.306489622622507,17.624193101554393,1208,1209,True
f42a50ab_geometry_0130_02,geometry_0130,2,1716605598,205.39799965064984,205.39799965064984,8,8,2.5,13.0,147.88838028899772,12.001209851086031,292.31391127582117,16.26426467327691,17.99970189815183,1477,1478,True
f42a50ab_geometry_0131_02,geometry_0131,2,1422277848,238.64277747827472,238.64277747827475,7,7,2.5,13.0,157.88803998000367,12.895940206268207,294.0153683123928,16.24888678484887,18.119714580466848,1578,1579,True
f42a50ab_geometry_0132_02,geometry_0132,2,1121910732,98.45468029622842,98.45468029622843,2,2,2.5,13.0,86.88966724000056,6.6815249963022225,276.7912820982893,16.363446120425664,16.956041054257863,868,869,True
f42a50ab_geometry_0133_02,geometry_0133,2,1140169349,172.89435739819325,172.89435739819325,3,3,2.5,13.0,118.88891666899872,9.5251748529024,288.39593928404724,16.30728002312406,17.715651369920742,1188,1189,True
f42a50ab_geometry_0134_02,geometry_0134,2,1866437132,97.34440755435378,97.34440755435378,2,2,2.5,13.0,85.88782481900125,6.657256864154472,278.99626463750525,16.361965843351673,17.090791202604564,858,859,True
f42a50ab_geometry_0135_02,geometry_0135,2,1347233823,200.91048873398944,200.9104887339894,4,4,2.5,13.0,133.88953677099926,10.77539279261342,289.7010246364199,16.2859828399134,17.81717660731015,1338,1339,True
f42a50ab_geometry_0136_02,geometry_0136,2,496694873,192.74506239673718,192.74506239673718,5,5,2.5,13.0,131.88939499400294,10.617733930377,289.791309924752,16.288408669854224,17.820272555482983,1318,1319,True
f42a50ab_geometry_0137_02,geometry_0137,2,816382125,227.94056794934394,227.940567949344,5,5,2.5,13.0,147.8884718019981,12.020270107535824,292.5808682262329,16.264002809659946,18.015875206027303,1478,1479,True
f42a50ab_geometry_0138_02,geometry_0138,2,1872852789,102.39166085470528,102.39166085470528,4,4,2.5,13.0,94.88822494399938,7.403844074170236,280.859048824709,16.347853241529556,17.217892095454438,948,949,True
f42a50ab_geometry_0139_02,geometry_0139,2,846259450,163.18725577065368,163.18725577065368,2,2,2.5,13.0,112.88975721099996,8.928446082611563,284.6952575588446,16.319833356791413,17.47796241483058,1128,1129,True
f42a50ab_geometry_0140_02,geometry_0140,2,1418198351,158.1068255459981,158.1068255459981,4,4,2.5,13.0,116.89349132699863,9.306761354770837,286.59336418965677,16.3121607334212,17.60130839990221,1168,1169,True
f42a50ab_geometry_0141_02,geometry_0141,2,535261654,174.13590192560252,174.13590192560255,6,6,2.5,13.0,129.88860888199997,10.461070540675763,289.9119967955452,16.29083526235438,17.82521898107312,1298,1299,True
f42a50ab_geometry_0142_02,geometry_0142,2,1328367510,232.80337212699058,232.80337212699055,7,7,2.5,13.0,154.88822680099838,12.651979985866676,294.0404406645579,16.252796755520432,18.117088012608924,1548,1549,True
f42a50ab_geometry_0143_02,geometry_0143,2,1728296502,197.4042894205836,197.40428942058367,7,7,2.5,13.0,141.88775312199868,11.454155510775639,290.58990480949666,16.27426996425981,17.88395305452284,1418,1419,True
f42a50ab_geometry_0144_02,geometry_0144,2,546696950,189.2871745818682,189.28717458186821,7,7,2.5,13.0,138.8896914479992,11.205864431928857,290.4305979092058,16.278373703156728,17.869977955485822,1388,1389,True
f42a50ab_geometry_0145_02,geometry_0145,2,1628416575,147.27141340366532,147.27141340366532,3,3,2.5,13.0,108.88774878899858,8.64105574387895,285.6523035393198,16.323784969179208,17.53226768510045,1088,1089,True
f42a50ab_geometry_0146_02,geometry_0146,2,747441732,221.86568833144008,221.86568833144008,7,7,2.5,13.0,150.8876534019946,12.299136579995094,293.6109795705555,16.258708966505623,18.084568552099743,1507,1508,True
f42a50ab_geometry_0147_02,geometry_0147,2,1744079573,198.6341044671177,198.6341044671177,6,6,2.5,13.0,139.8892727429993,11.280242192921609,290.2686438475744,16.277406046269533,17.86102883635439,1398,1399,True
f42a50ab_geometry_0148_02,geometry_0148,2,1305132983,224.03761625318953,224.03761625318953,6,6,2.5,13.0,149.88925267200102,12.166201385661534,292.18094817824715,16.26183201647982,17.99390219692501,1498,1499,True
f42a50ab_geometry_0149_02,geometry_0149,2,1384049914,126.26630662310043,126.26630662310043,4,4,2.5,13.0,103.88920741400216,8.199996012911237,284.11679981717685,16.332092200711557,17.4308465484017,1038,1039,True
f42a50ab_geometry_0150_02,geometry_0150,2,917840538,173.01432202055435,173.01432202055435,5,5,2.5,13.0,124.88775669399911,10.05359944754701,289.7730108993391,16.297498757978552,17.80965529673929,1248,1249,True
f42a50ab_geometry_0151_02,geometry_0151,2,728818981,189.42587384729532,189.4258738472953,6,6,2.5,13.0,135.8879755050002,10.955698723743263,290.2145589115605,16.2826431532657,17.852214464063895,1358,1359,True
f42a50ab_geometry_0152_02,geometry_0152,2,1439622619,174.10527864420877,174.10527864420877,7,7,2.5,13.0,131.8887751660004,10.662301657988849,291.0081543009159,16.286702096055546,17.896352934054438,1318,1319,True
f42a50ab_geometry_0153_02,geometry_0153,2,1008752943,210.94775432586627,210.9477543258663,2,2,2.5,13.0,130.88893603900215,10.546673641055923,290.0514671999881,16.28969596414005,17.834430448824754,1308,1309,True
f42a50ab_geometry_0154_02,geometry_0154,2,855256552,190.3502014292339,190.3502014292339,7,7,2.5,13.0,138.8891522699996,11.193228565714996,290.1031253051349,16.278809284460124,17.849531600867312,1388,1389,True
f42a50ab_geometry_0155_02,geometry_0155,2,1051590706,83.90806203629222,83.90806203629224,3,3,2.5,13.0,83.88909635800519,6.425945154985686,275.7221720098785,16.368614615075494,16.886698058689806,838,839,True
f42a50ab_geometry_0156_02,geometry_0156,2,312794864,193.3528767672816,193.3528767672816,5,5,2.5,13.0,133.89004341200052,10.79498489506548,290.2288444440191,16.285221873333956,17.850193791859315,1338,1339,True
f42a50ab_geometry_0157_02,geometry_0157,2,835092972,169.73292131972633,169.73292131972633,5,5,2.5,13.0,123.88971737300017,9.958074039746384,289.33552756018736,16.29944389072323,17.78107299387479,1238,1239,True
f42a50ab_geometry_0158_02,geometry_0158,2,2123333781,218.13750603531636,218.13750603531633,7,7,2.5,13.0,149.88903578600002,12.157027776997472,292.15551460808604,16.261942016744168,17.992396137539114,1497,1498,True
f42a50ab_geometry_0159_02,geometry_0159,2,23814791,149.27813274941266,149.2781327494127,5,5,2.5,13.0,115.88935151899932,9.235058827909173,286.84974001254386,16.31297228683985,17.616272240150735,1158,1159,True
f42a50ab_geometry_0160_02,geometry_0160,2,457788949,233.30114714028102,233.30114714028096,8,8,2.5,13.0,158.8881190710017,13.005368950466874,294.6441750531369,16.246692405398196,18.160591157555316,1588,1589,True
f42a50ab_geometry_0161_02,geometry_0161,2,755427535,212.40701730925124,212.40701730925124,8,8,2.5,13.0,150.88841121799487,12.24132332169386,292.03730946016304,16.260515688269876,17.98675901226507,1508,1509,True
f42a50ab_geometry_0162_02,geometry_0162,2,1995226582,237.9823700294179,237.98237002941784,8,8,2.5,13.0,159.88967972699902,13.074455402555774,294.356977768662,16.2457993896847,18.144089638187392,1598,1599,True
f42a50ab_geometry_0163_02,geometry_0163,2,521231222,169.18492704534324,169.18492704534324,2,2,2.5,13.0,114.88894915200217,9.167658633354224,287.2341691444403,16.314119166348476,17.637945610647282,1148,1149,True
f42a50ab_geometry_0164_02,geometry_0164,2,1995627518,136.00069266684346,136.00069266684346,5,5,2.5,13.0,110.88816574700468,8.765706267949476,284.5466255993815,16.32247506873472,17.466807537909506,1108,1109,True
f42a50ab_geometry_0165_02,geometry_0165,2,1362784338,206.2414957816024,206.2414957816024,7,7,2.5,13.0,144.8870839989977,11.733110661706965,291.5029660556967,16.2690656660671,17.94503758879079,1448,1449,True
f42a50ab_geometry_0166_02,geometry_0166,2,1832837596,234.78844443890097,234.7884444389009,8,8,2.5,13.0,158.8895086699995,13.0121240926715,294.797376917225,16.246515562130718,18.17008761728219,1588,1589,True
f42a50ab_geometry_0167_02,geometry_0167,2,1915184358,235.52902706189343,235.52902706189343,8,8,2.5,13.0,158.88850948400068,13.004200902753244,294.6179685112082,16.246706241778114,18.15892344030046,1588,1589,True
f42a50ab_geometry_0168_02,geometry_0168,2,2038711176,198.98487074553358,198.98487074553356,3,3,2.5,13.0,129.8888699559975,10.416217564614142,288.6682918678526,16.2926836123918,17.747274386179594,1298,1299,True
f42a50ab_geometry_0169_02,geometry_0169,2,1061886576,151.10298581580233,151.10298581580236,5,5,2.5,13.0,116.88938624999719,9.330426865042213,287.33247873142534,16.311129937934712,17.64739048604314,1168,1169,True
f42a50ab_geometry_0170_02,geometry_0170,2,2081328344,222.6077489652555,222.60774896525552,8,8,2.5,13.0,155.8881987929999,12.67028556002089,292.5763623534536,16.253413886118576,18.027234969255613,1558,1559,True
f42a50ab_geometry_0171_02,geometry_0171,2,1889238423,185.22570219465356,185.2257021946536,7,7,2.5,13.0,136.88885722099803,11.080131646656033,291.36678583661137,16.27981158605538,17.925514543147376,1368,1369,True
f42a50ab_geometry_0172_02,geometry_0172,2,1007142260,194.16717801776903,194.16717801776906,2,2,2.5,13.0,124.88771588199597,9.962357581314453,287.14308639532044,16.30115691521723,17.645676072660066,1248,1249,True
f42a50ab_geometry_0173_02,geometry_0173,2,346078411,144.36204527346922,144.36204527346922,4,4,2.5,13.0,112.88791390100232,9.008696464750038,287.50875177253664,16.316230359652362,17.652659140097914,1127,1128,True
f42a50ab_geometry_0174_02,geometry_0174,2,1645124051,104.13290528209386,104.13290528209386,3,3,2.5,13.0,91.88909396000236,7.178309696539478,281.1922058551583,16.351352274482736,17.23431951462639,918,919,True
f42a50ab_geometry_0175_02,geometry_0175,2,918920620,179.00197919355466,179.00197919355466,7,7,2.5,13.0,134.8894216780027,10.860884852659371,289.83631311240686,16.284346948825846,17.827575575195812,1348,1349,True
f42a50ab_geometry_0176_02,geometry_0176,2,1421124738,146.3788633437149,146.3788633437149,2,2,2.5,13.0,102.8891014740002,8.05885304043173,281.9395072691361,16.33629428170281,17.294421384782613,1028,1029,True
f42a50ab_geometry_0177_02,geometry_0177,2,267429212,188.72873312171046,188.72873312171046,6,6,2.5,13.0,133.88827585400577,10.833639577601849,291.2676438658129,16.283900703219356,17.915025694619885,1338,1339,True
f42a50ab_geometry_0178_02,geometry_0178,2,1672790155,213.26258709447802,213.26258709447802,3,3,2.5,13.0,134.88871939600358,10.909517552503175,291.13375668007376,16.282968152090742,17.907419897825786,1348,1349,True
f42a50ab_geometry_0179_02,geometry_0179,2,83889094,220.0358118818028,220.03581188180283,8,8,2.5,13.0,153.88833270600298,12.52131272643764,292.89418158202557,16.255470572081844,18.044379071141893,1538,1539,True
f42a50ab_geometry_0180_02,geometry_0180,2,1633724084,234.27152029237553,234.2715202923755,8,8,2.5,13.0,158.88894037499995,12.981949804500774,294.1136173972127,16.24746207878828,18.127469693124763,1588,1589,True
f42a50ab_geometry_0181_02,geometry_0181,2,1510792572,120.70753003007917,120.70753003007917,5,5,2.5,13.0,104.88824086199747,8.323351225902028,285.9141953464166,16.32858668756849,17.543539666190373,1047,1048,True
f42a50ab_geometry_0182_02,geometry_0182,2,1799682701,204.50041800855155,204.50041800855158,4,4,2.5,13.0,134.8881686629975,10.904328431516298,291.2104523556219,16.282953290628043,17.912202823498127,1347,1348,True
